Date,Headliner,Genre_Headliner,Opener,Venue,"City, State",Who,Reference,,,City,State,,_Full Date,Month,Day,Year,Day of Week,,Opener_,Opener_1,Opener_2,Opener_3,Opener_4,Opener_5,Opener_6,Opener_7,Opener_8,Opener_9,Opener_10,Opener_11,Opener_12,Opener_13,Opener_14,Opener_15,,,,,,,,,,,,,,,,,,,,,,,,,,,,,,,,,,,,,,,,,,,,,,,,,,,,,,,,,,,,,,,,,,,,,,,,,,,,,,,,,,,,,,,,,,,,,,,,,,,,,,,,,,,,,,,,,,,,,,,,,,,,,,,,,,,,,,,,,,,,,,,,,,,,,,,,,,,,,,,,,,,,,,,,,,,
4/27/1984,Adam Ant,New Wave,,Irvine Meadows,"Irvine, California",Mike,https://www.concertarchives.org/concerts/adam-ant-4b4a77b7-b951-4fe6-99ad-d2017d67b5b4,,,Irvine, California,,April 27 1984,April,27,1984,Friday,,,,,,,,,,,,,,,,,,,,,,,,,,,,,,,,,,,,,,,,,,,,,,,,,,,,,,,,,,,,,,,,,,,,,,,,,,,,,,,,,,,,,,,,,,,,,,,,,,,,,,,,,,,,,,,,,,,,,,,,,,,,,,,,,,,,,,,,,,,,,,,,,,,,,,,,,,,,,,,,,,,,,,,,,,,,,,,,,,,,,,,,,,,,
5/12/1984,Thompson Twins,New Wave,The Reflex,Irvine Meadows,"Irvine, California",Mike,,,,Irvine, California,,May 12 1984,May,12,1984,Saturday,,The Reflex,,,,,,,,,,,,,,,,,#VALUE!,,,,,,,,,,,,,,,,,Animotion,,,,Chaka Kahn,,,OMD,,,,,Beastie Boys,,Hoodoo Gurus,The Nylons,Thomas Dolby,,,,,,Midge Ure,,,,,,EMF,Andrew Tosh,,Johnny Gill,Aswad,Squeeze,,Ian McCulloch,,,,,,John Doe,,,,,,Billy Joel,Richard Cheese & Lounge Against the Machine,,The English Beat,,Marc Almond,,,Raveonettes,Dirty Vegas,,Bow Wow Wow,,,,Hot Rod Lincoln,The Psychedelic Furs,,,,,,Fishbone,Hatcham Social,,Rise Against,Bowling for Soup,The Dollyrots,The English Beat,Sleigh Bells,Against Me!,,,Lindi Ortega,Solemn Sun,Against Me!,,Transplants,,,,,,Pennywise,Dan Potthast,Phox,Mahones,Mini Mansions,,Buddy Guy,Nikki Lane,Torres,RDGLDGRN,,AWOLNATION,,,Living Colour,,,,,,Garbage,,The Messthetics,The Struts,,,,The Alarm,,,The Paladins,Me Not You,Bad Religion,,Bear Hands,Masked Intruder,,,,,,,,The English Beat,cleopatrick,,Garbage,,,,The Blasters,Berlin,El Ten Eleven,EarthGang,,Pet Shop Boys,Boy Harsher,Inner Wave,Chris Shiflett,,Kelly Lee Owens,,Liam Finn
9/8/1984,Echo and the Bunnymen,New Wave,,Irvine Meadows,"Irvine, California",Mike,https://www.concertarchives.org/concerts/echo-the-bunnymen-81f113b0-3f36-4787-afa9-5b9cbd675bc8,,,Irvine, California,,September 8 1984,September,8,1984,Saturday,,,,,,,,,,,,,,,,,,,,,,,,,,,,,,,,,,,,Book of Love,,,, Katrina And the Waves,,,,,,,,,,Bangles,,Wire,,,,,,,,,,,,,Carlene Davis,,Keith Sweat,Eek a Mouse,,,School of Fish,,,,,,Jane Weidlin,,,,,,,,,,,Berlin,,,,,,Flock of Seagulls,,,,,,,,,,,,Kelley Stoltz,,,,,,,,,,,Barroom Heroes,The Bronx,,Crown of Thornz,,,,,,Vandals,Chris Murray,,Blood or Whiskey,,,Gary Clark Jr.,Drag The River,,,,,,,Public Enemy,,,,,,,,Danger Painters,,,,,Dramarama,,,,,The Offspring,,Kiev,Rat Boy,,,,,,,,,,,,,,,Los Lobos,,,,,Paul Oakenfold,,,,,,,
3/31/1985,Depeche Mode,New Wave,"Animotion,Book of Love",Irvine Meadows,"Irvine, California",Mike,http://archives.depechemode.com/past_tours/somegreatrewardtour/dates.html,,,Irvine, California,,March 31 1985,March,31,1985,Sunday,,Animotion,Book of Love,,,,,,,,,,,,,,,,,,,,,,,,,,,,,,,,,,,,,,,,,,,,,,, Squeeze,,OMD,,,,,,,,,,,,,Dennis Brown,,,,,,The Smithereens,,,,,,,,,,,,,,,,,Bow Wow Wow,,,,,,When In Rome,,,,,,,,,,,,,,,,,,,,,,,,Polar Bear Club,,,,,,,,Bad Religion,,,Bryan Mcpherson,,,Heart,,,,,,,,,,,,,,,,Kid Congo Powers,,,,,The Motels,,,,,Pennywise,,,,,,,,,,,,,,,,,,,,,,,,,,,,,,
5/17/1985,Stryper,Heavy Metal,,Knots Berry Farm,"Buena Park, California",Dori,,,,Buena Park, California,,May 17 1985,May,17,1985,Friday,,,,,,,,,,,,,,,,,,,,,,,,,,,,,,,,,,,,,,,,,,,,,,,,,,Chris Isaak,,,,,,,,,,,,,,,Little Lenny,,,,,,The Wonderstuff,,,,,,,,,,,,,,,,,Dashboard Confessional,,,,,,,,,,,,,,,,,,,,,,,,,,,,,,,,,,,,,,,,,,,,Joan Jett & The Blackhearts,,,,,,,,,,,,,,,,,,,,,Naked Eyes,,,,,Suicidal Tendencies,,,,,,,,,,,,,,,,,,,,,,,,,,,,,,
6/4/1985,Howard Jones,New Wave,,Irvine Meadows,"Irvine, California",Mike,https://www.setlist.fm/setlist/howard-jones/1985/irvine-meadows-amphitheatre-irvine-ca-5bdc63c4.html,,,Irvine, California,,June 4 1985,June,4,1985,Tuesday,,,,,,,,,,,,,,,,,,,,,,,,,,,,,,,,,,,,,,,,,,,,,,,,,,The Fixx,,,,,,,,,,,,,,,Shinehead,,,,,,,,,,,,,,,,,,,,,,,Dramarama,,,,,,,,,,,,,,,,,,,,,,,,,,,,,,,,,,,,,,,,,,,,LL Cool J,,,,,,,,,,,,,,,,,,,,,The Untouchables,,,,,Voodoo Glow Skulls,,,,,,,,,,,,,,,,,,,,,,,,,,,,,,
7/10/1985,Tears For Fears,New Wave,,Pacific Amphitheatre,"Costa Mesa, California",Mike,https://www.concertarchives.org/concerts/tears-for-fears-046ab552-e762-4a60-a0e6-110790ce281e,,,Costa Mesa, California,,July 10 1985,July,10,1985,Wednesday,,,,,,,,,,,,,,,,,,,,,,,,,,,,,,,,,,,,,,,,,,,,,,,,,,,,,,,,,,,,,,,,,Team Band,,,,,,,,,,,,,,,,,,,,,,,Duran Duran,,,,,,,,,,,,,,,,,,,,,,,,,,,,,,,,,,,,,,,,,,,,DJ Z-Trip,,,,,,,,,,,,,,,,,,,,,Gene Loves Jezabel,,,,,T.S.O.L.,,,,,,,,,,,,,,,,,,,,,,,,,,,,,,
8/30/1985,Wham!,Pop,"Chaka Kahn, Katrina And the Waves",Hollywood Park Racetrack,"Inglewood, California",Dori,,,,Inglewood, California,,August 30 1985,August,30,1985,Friday,,Chaka Kahn, Katrina And the Waves,,,,,,,,,,,,,,,,,,,,,,,,,,,,,,,,,,,,,,,,,,,,,,,,,,,,,,,,,,,,,,,,,,,,,,,,,,,,,,,,,,,,,Echo and the Bunnymen,,,,,,,,,,,,,,,,,,,,,,,,,,,,,,,,,,,,,,,,,,,,Trouble Funk,,,,,,,,,,,,,,,,,,,,,When In Rome,,,,,Black Rebel Motorcycle Club,,,,,,,,,,,,,,,,,,,,,,,,,,,,,,
8/23/1985,New Order,New Wave,,Irvine Meadows,"Irvine, California",Mike,http://www.neworderonline.com/Live/Concert.aspx?ConcertID=190,,,Irvine, California,,August 23 1985,August,23,1985,Friday,,,,,,,,,,,,,,,,,,,,,,,,,,,,,,,,,,,,,,,,,,,,,,,,,,,,,,,,,,,,,,,,,,,,,,,,,,,,,,,,,,,,,,,,Fountains of Wayne,,,,,,,,,,,,,,,,,,,,,,,,,,,,,,,,,,,,,,,,,,,,Trombone Shorty & Orleans Avenue,,,,,,,,,,,,,,,,,,,,,The Polecats,,,,,Snuff,,,,,,,,,,,,,,,,,,,,,,,,,,,,,,
9/29/1985,Bruce Springsteen,Classic Rock,,Los Angeles Memorial Coliseum,"Los Angeles, California",Mike,https://www.concertarchives.org/concerts/bruce-springsteen-at-los-angeles-memorial-coliseum-september-29-1985,,,Los Angeles, California,,September 29 1985,September,29,1985,Sunday,,,,,,,,,,,,,,,,,,,,,,,,,,,,,,,,,,,,,,,,,,,,,,,,,,,,,,,,,,,,,,,,,,,,,,,,,,,,,,,,,,,,,,,,The English Beat,,,,,,,,,,,,,,,,,,,,,,,,,,,,,,,,,,,,,,,,,,,,RDGLDGRN,,,,,,,,,,,,,,,,,,,,,,,,,,Fear,,,,,,,,,,,,,,,,,,,,,,,,,,,,,,
11/2/1985,Thompson Twins,New Wave,OMD,Irvine Meadows,"Irvine, California",Mike,Concert Archive,,,Irvine, California,,November 2 1985,November,2,1985,Saturday,,OMD,,,,,,,,,,,,,,,,,,,,,,,,,,,,,,,,,,,,,,,,,,,,,,,,,,,,,,,,,,,,,,,,,,,,,,,,,,,,,,,,,,,,,,Hot Hot Heat,,,,,,,,,,,,,,,,,,,,,,,,,,,,,,,,,,,,,,,,,,,,,,,,,,,,,,,,,,,,,,,,,,,,,,Mad Caddies,,,,,,,,,,,,,,,,,,,,,,,,,,,,,,
4/12/1986,The Alarm,New Wave,,UCLA,"Los Angeles, California",Mike,https://www.setlist.fm/setlist/the-alarm/1986/ucla-los-angeles-ca-3dda527.html,,,Los Angeles, California,,April 12 1986,April,12,1986,Saturday,,,,,,,,,,,,,,,,,,,,,,,,,,,,,,,,,,,,,,,,,,,,,,,,,,,,,,,,,,,,,,,,,,,,,,,,,,,,,,,,,,,,,,,,Interpol,,,,,,,,,,,,,,,,,,,,,,,,,,,,,,,,,,,,,,,,,,,,,,,,,,,,,,,,,,,,,,,,,,,,,,Rancid,,,,,,,,,,,,,,,,,,,,,,,,,,,,,,
4/15/1986,Blancmange,New Wave,,Crawford Hall,"Irvine, California",Mike,https://www.setlist.fm/setlist/blancmange/1986/crawford-hall-irvine-ca-bfc0dfa.html,,,Irvine, California,,April 15 1986,April,15,1986,Tuesday,,,,,,,,,,,,,,,,,,,,,,,,,,,,,,,,,,,,,,,,,,,,,,,,,,,,,,,,,,,,,,,,,,,,,,,,,,,,,,,,,,,,,,,,Kings of Leon,,,,,,,,,,,,,,,,,,,,,,,,,,,,,,,,,,,,,,,,,,,,,,,,,,,,,,,,,,,,,,,,,,,,,,Aaron Lee Tasjan,,,,,,,,,,,,,,,,,,,,,,,,,,,,,,
7/16/1986,Beach Boys,Classic Rock,,Pacific Amphitheatre,"Costa Mesa, California",Mike,,,,Costa Mesa, California,,July 16 1986,July,16,1986,Wednesday,,,,,,,,,,,,,,,,,,,,,,,,,,,,,,,,,,,,,,,,,,,,,,,,,,,,,,,,,,,,,,,,,,,,,,,,,,,,,,,,,,,,,,,,Psychedelic Furs,,,,,,,,,,,,,,,,,,,,,,,,,,,,,,,,,,,,,,,,,,,,,,,,,,,,,,,,,,,,,,,,,,,,,,Wrecks,,,,,,,,,,,,,,,,,,,,,,,,,,,,,,
7/31/1986,The Art of Noise,Synthpop,,Pacific Amphitheatre,"Costa Mesa, California",Mike,https://www.setlist.fm/setlist/art-of-noise/1986/pacific-amphitheatre-costa-mesa-ca-bff113e.html,,,Costa Mesa, California,,July 31 1986,July,31,1986,Thursday,,,,,,,,,,,,,,,,,,,,,,,,,,,,,,,,,,,,,,,,,,,,,,,,,,,,,,,,,,,,,,,,,,,,,,,,,,,,,,,,,,,,,,,,Violent Femmes,,,,,,,,,,,,,,,,,,,,,,,,,,,,,,,,,,,,,,,,,,,,,,,,,,,,,,,,,,,,,,,,,,,,,,The Interrupters,,,,,,,,,,,,,,,,,,,,,,,,,,,,,,
6/20/1987,Run DMC,Rap,Beastie Boys,Pacific Amphitheatre,"Costa Mesa, California",Mike,https://www.setlist.fm/setlist/rundmc/1987/pacific-amphitheatre-costa-mesa-ca-2be3cc0a.html,,,Costa Mesa, California,,June 20 1987,June,20,1987,Saturday,,Beastie Boys,,,,,,,,,,,,,,,,,,,,,,,,,,,,,,,,,,,,,,,,,,,,,,,,,,,,,,,,,,,,,,,,,,,,,,,,,,,,,,,,,,,,,,,,,,,,,,,,,,,,,,,,,,,,,,,,,,,,,,,,,,,,,,,,,,,,,,,,,,,,,,,,,,,,,,,,,,,,,,,,,,,,,,,,,,,,,,,,,,,,,,,,,,
7/27/1987,Duran Duran,New Wave,,Irvine Meadows,"Irvine, California",Dori,,,,Irvine, California,,July 27 1987,July,27,1987,Monday,,,,,,,,,,,,,,,,,,,,,,,,,,,,,,,,,,,,,,,,,,,,,,,,,,,,,,,,,,,,,,,,,,,,,,,,,,,,,,,,,,,,,,,,,,,,,,,,,,,,,,,,,,,,,,,,,,,,,,,,,,,,,,,,,,,,,,,,,,,,,,,,,,,,,,,,,,,,,,,,,,,,,,,,,,,,,,,,,,,,,,,,,,,,
6/30/1987,Oingo Boingo,New Wave,"Hoodoo Gurus,Bangles, Squeeze,Chris Isaak,The Fixx",Caliente Racetrack,"Tijuana, Mexico",Dori,MexFest,,,Tijuana, Mexico,,June 30 1987,June,30,1987,Tuesday,,Hoodoo Gurus,Bangles, Squeeze,Chris Isaak,The Fixx,,,,,,,,,,,,,,,,,,,,,,,,,,,,,,,,,,,,,,,,,,,,,,,,,,,,,,,,,,,,,,,,,,,,,,,,,,,,,,,,,,,,,,,,,,,,,,,,,,,,,,,,,,,,,,,,,,,,,,,,,,,,,,,,,,,,,,,,,,,,,,,,,,,,,,,,,,,,,,,,,,,,,,,,,,,,,,,,,,,,,,
3/4/1988,No Doubt,Alternative,The Nylons,Disneyland,"Anaheim, California",Dori,,,,Anaheim, California,,March 4 1988,March,4,1988,Friday,,The Nylons,,,,,,,,,,,,,,,,,,,,,,,,,,,,,,,,,,,,,,,,,,,,,,,,,,,,,,,,,,,,,,,,,,,,,,,,,,,,,,,,,,,,,,,,,,,,,,,,,,,,,,,,,,,,,,,,,,,,,,,,,,,,,,,,,,,,,,,,,,,,,,,,,,,,,,,,,,,,,,,,,,,,,,,,,,,,,,,,,,,,,,,,,,
6/18/1988,Depeche Mode,New Wave,"Thomas Dolby,Wire,OMD",The Rose Bowl,"Pasadena, California",Mike,,,,Pasadena, California,,June 18 1988,June,18,1988,Saturday,,Thomas Dolby,Wire,OMD,,,,,,,,,,,,,,,,,,,,,,,,,,,,,,,,,,,,,,,,,,,,,,,,,,,,,,,,,,,,,,,,,,,,,,,,,,,,,,,,,,,,,,,,,,,,,,,,,,,,,,,,,,,,,,,,,,,,,,,,,,,,,,,,,,,,,,,,,,,,,,,,,,,,,,,,,,,,,,,,,,,,,,,,,,,,,,,,,,,,,,,,
9/9/1988,UB40,Reggae,,Pacific Amphitheatre,"Costa Mesa, California",Dori,,,,Costa Mesa, California,,September 9 1988,September,9,1988,Friday,,,,,,,,,,,,,,,,,,,,,,,,,,,,,,,,,,,,,,,,,,,,,,,,,,,,,,,,,,,,,,,,,,,,,,,,,,,,,,,,,,,,,,,,,,,,,,,,,,,,,,,,,,,,,,,,,,,,,,,,,,,,,,,,,,,,,,,,,,,,,,,,,,,,,,,,,,,,,,,,,,,,,,,,,,,,,,,,,,,,,,,,,,,,
9/19/1988,Ziggy Marley,Reggae,,Mesa Amphitheatre,"Mesa, Arizona",Mike,,,,Mesa, Arizona,,September 19 1988,September,19,1988,Monday,,,,,,,,,,,,,,,,,,,,,,,,,,,,,,,,,,,,,,,,,,,,,,,,,,,,,,,,,,,,,,,,,,,,,,,,,,,,,,,,,,,,,,,,,,,,,,,,,,,,,,,,,,,,,,,,,,,,,,,,,,,,,,,,,,,,,,,,,,,,,,,,,,,,,,,,,,,,,,,,,,,,,,,,,,,,,,,,,,,,,,,,,,,,
10/7/1988,George Michael,Pop,,Irvine Meadows,"Irvine, California",Dori,,,,Irvine, California,,October 7 1988,October,7,1988,Friday,,,,,,,,,,,,,,,,,,,,,,,,,,,,,,,,,,,,,,,,,,,,,,,,,,,,,,,,,,,,,,,,,,,,,,,,,,,,,,,,,,,,,,,,,,,,,,,,,,,,,,,,,,,,,,,,,,,,,,,,,,,,,,,,,,,,,,,,,,,,,,,,,,,,,,,,,,,,,,,,,,,,,,,,,,,,,,,,,,,,,,,,,,,,
10/15/1988,Beach Boys,Classic Rock,,Arizona Veterans Memorial Coliseum,"Phoenix, Arizona",Mike,,,,Phoenix, Arizona,,October 15 1988,October,15,1988,Saturday,,,,,,,,,,,,,,,,,,,,,,,,,,,,,,,,,,,,,,,,,,,,,,,,,,,,,,,,,,,,,,,,,,,,,,,,,,,,,,,,,,,,,,,,,,,,,,,,,,,,,,,,,,,,,,,,,,,,,,,,,,,,,,,,,,,,,,,,,,,,,,,,,,,,,,,,,,,,,,,,,,,,,,,,,,,,,,,,,,,,,,,,,,,,
10/29/1988,Oingo Boingo,New Wave,,Irvine Meadows,"Irvine, California",Dori,,,,Irvine, California,,October 29 1988,October,29,1988,Saturday,,,,,,,,,,,,,,,,,,,,,,,,,,,,,,,,,,,,,,,,,,,,,,,,,,,,,,,,,,,,,,,,,,,,,,,,,,,,,,,,,,,,,,,,,,,,,,,,,,,,,,,,,,,,,,,,,,,,,,,,,,,,,,,,,,,,,,,,,,,,,,,,,,,,,,,,,,,,,,,,,,,,,,,,,,,,,,,,,,,,,,,,,,,,
7/5/1989,Howard Jones,New Wave,Midge Ure,Universal Amphitheater ,"Los Angeles, California",Dori,https://www.setlist.fm/setlist/midge-ure/1989/universal-amphitheatre-universal-city-ca-63ea32ff.html,,,Los Angeles, California,,July 5 1989,July,5,1989,Wednesday,,Midge Ure,,,,,,,,,,,,,,,,,,,,,,,,,,,,,,,,,,,,,,,,,,,,,,,,,,,,,,,,,,,,,,,,,,,,,,,,,,,,,,,,,,,,,,,,,,,,,,,,,,,,,,,,,,,,,,,,,,,,,,,,,,,,,,,,,,,,,,,,,,,,,,,,,,,,,,,,,,,,,,,,,,,,,,,,,,,,,,,,,,,,,,,,,,
3/10/1990,Tone Loc,Hip Hop,,Jets,"Long Beach, California",Dori,,,,Long Beach, California,,March 10 1990,March,10,1990,Saturday,,,,,,,,,,,,,,,,,,,,,,,,,,,,,,,,,,,,,,,,,,,,,,,,,,,,,,,,,,,,,,,,,,,,,,,,,,,,,,,,,,,,,,,,,,,,,,,,,,,,,,,,,,,,,,,,,,,,,,,,,,,,,,,,,,,,,,,,,,,,,,,,,,,,,,,,,,,,,,,,,,,,,,,,,,,,,,,,,,,,,,,,,,,,
3/11/1990,Erasure,Synthpop,,Kia Forum,"Inglewood, California",Dori,https://www.setlist.fm/setlist/erasure/1990/great-western-forum-inglewood-ca-13c21d6d.html,,,Inglewood, California,,March 11 1990,March,11,1990,Sunday,,,,,,,,,,,,,,,,,,,,,,,,,,,,,,,,,,,,,,,,,,,,,,,,,,,,,,,,,,,,,,,,,,,,,,,,,,,,,,,,,,,,,,,,,,,,,,,,,,,,,,,,,,,,,,,,,,,,,,,,,,,,,,,,,,,,,,,,,,,,,,,,,,,,,,,,,,,,,,,,,,,,,,,,,,,,,,,,,,,,,,,,,,,,
9/13/1990,Social Distortion,Punk,,Cal State Fullerton,"Fullerton, California",Mike,,,,Fullerton, California,,September 13 1990,September,13,1990,Thursday,,,,,,,,,,,,,,,,,,,,,,,,,,,,,,,,,,,,,,,,,,,,,,,,,,,,,,,,,,,,,,,,,,,,,,,,,,,,,,,,,,,,,,,,,,,,,,,,,,,,,,,,,,,,,,,,,,,,,,,,,,,,,,,,,,,,,,,,,,,,,,,,,,,,,,,,,,,,,,,,,,,,,,,,,,,,,,,,,,,,,,,,,,,,
6/15/1990,Erasure,Synthpop,,Irvine Meadows,"Irvine, California",Mike,https://www.setlist.fm/setlist/erasure/1990/irvine-meadows-amphitheatre-irvine-ca-23c21c7b.html,,,Irvine, California,,June 15 1990,June,15,1990,Friday,,,,,,,,,,,,,,,,,,,,,,,,,,,,,,,,,,,,,,,,,,,,,,,,,,,,,,,,,,,,,,,,,,,,,,,,,,,,,,,,,,,,,,,,,,,,,,,,,,,,,,,,,,,,,,,,,,,,,,,,,,,,,,,,,,,,,,,,,,,,,,,,,,,,,,,,,,,,,,,,,,,,,,,,,,,,,,,,,,,,,,,,,,,,
8/5/1990,Depeche Mode,New Wave,,Dodger Stadium,"Los Angeles, California",Dori,,,,Los Angeles, California,,August 5 1990,August,5,1990,Sunday,,,,,,,,,,,,,,,,,,,,,,,,,,,,,,,,,,,,,,,,,,,,,,,,,,,,,,,,,,,,,,,,,,,,,,,,,,,,,,,,,,,,,,,,,,,,,,,,,,,,,,,,,,,,,,,,,,,,,,,,,,,,,,,,,,,,,,,,,,,,,,,,,,,,,,,,,,,,,,,,,,,,,,,,,,,,,,,,,,,,,,,,,,,,
8/9/1990,Jesus Jones,Britpop,EMF,Hollywood Palladium,"Hollywood, California",Dori,,,,Hollywood, California,,August 9 1990,August,9,1990,Thursday,,EMF,,,,,,,,,,,,,,,,,,,,,,,,,,,,,,,,,,,,,,,,,,,,,,,,,,,,,,,,,,,,,,,,,,,,,,,,,,,,,,,,,,,,,,,,,,,,,,,,,,,,,,,,,,,,,,,,,,,,,,,,,,,,,,,,,,,,,,,,,,,,,,,,,,,,,,,,,,,,,,,,,,,,,,,,,,,,,,,,,,,,,,,,,,
6/2/1991,Maxi Priest,Reggae,"Andrew Tosh,Carlene Davis,Dennis Brown,Little Lenny,Shinehead,Team Band",Pacific Amphitheatre,"Costa Mesa, California",Dori,,,,Costa Mesa, California,,June 2 1991,June,2,1991,Sunday,,Andrew Tosh,Carlene Davis,Dennis Brown,Little Lenny,Shinehead,Team Band,,,,,,,,,,,,,,,,,,,,,,,,,,,,,,,,,,,,,,,,,,,,,,,,,,,,,,,,,,,,,,,,,,,,,,,,,,,,,,,,,,,,,,,,,,,,,,,,,,,,,,,,,,,,,,,,,,,,,,,,,,,,,,,,,,,,,,,,,,,,,,,,,,,,,,,,,,,,,,,,,,,,,,,,,,,,,,,,,,,,,
6/21/1991,Jimmy Buffett,Gulf and Western Country Rock,,Irvine Meadows,"Irvine, California",Mike,,,,Irvine, California,,June 21 1991,June,21,1991,Friday,,,,,,,,,,,,,,,,,,,,,,,,,,,,,,,,,,,,,,,,,,,,,,,,,,,,,,,,,,,,,,,,,,,,,,,,,,,,,,,,,,,,,,,,,,,,,,,,,,,,,,,,,,,,,,,,,,,,,,,,,,,,,,,,,,,,,,,,,,,,,,,,,,,,,,,,,,,,,,,,,,,,,,,,,,,,,,,,,,,,,,,,,,,,
2/23/1991,Bel Biv DeVoe,R&B,"Johnny Gill,Keith Sweat",Kia Forum,"Inglewood, California",Dori,,,,Inglewood, California,,February 23 1991,February,23,1991,Saturday,,Johnny Gill,Keith Sweat,,,,,,,,,,,,,,,,,,,,,,,,,,,,,,,,,,,,,,,,,,,,,,,,,,,,,,,,,,,,,,,,,,,,,,,,,,,,,,,,,,,,,,,,,,,,,,,,,,,,,,,,,,,,,,,,,,,,,,,,,,,,,,,,,,,,,,,,,,,,,,,,,,,,,,,,,,,,,,,,,,,,,,,,,,,,,,,,,,,,,,,,,
9/8/1991,Burning Spear,Reggae,"Aswad,Eek a Mouse",Long Beach Arena,"Long Beach, California",Dori,https://www.concertarchives.org/concerts/burning-spear-eek-a-mouse--4923954,,,Long Beach, California,,September 8 1991,September,8,1991,Sunday,,Aswad,Eek a Mouse,,,,,,,,,,,,,,,,,,,,,,,,,,,,,,,,,,,,,,,,,,,,,,,,,,,,,,,,,,,,,,,,,,,,,,,,,,,,,,,,,,,,,,,,,,,,,,,,,,,,,,,,,,,,,,,,,,,,,,,,,,,,,,,,,,,,,,,,,,,,,,,,,,,,,,,,,,,,,,,,,,,,,,,,,,,,,,,,,,,,,,,,,
10/4/1991,Sting,Soft Rock,Squeeze,Pacific Amphitheatre,"Costa Mesa, California","Mike, Dori",https://www.concertarchives.org/concerts/sting-033dc68b-fc69-437e-9fb0-572312d814a3,,,Costa Mesa, California,,October 4 1991,October,4,1991,Friday,,Squeeze,,,,,,,,,,,,,,,,,,,,,,,,,,,,,,,,,,,,,,,,,,,,,,,,,,,,,,,,,,,,,,,,,,,,,,,,,,,,,,,,,,,,,,,,,,,,,,,,,,,,,,,,,,,,,,,,,,,,,,,,,,,,,,,,,,,,,,,,,,,,,,,,,,,,,,,,,,,,,,,,,,,,,,,,,,,,,,,,,,,,,,,,,,
6/4/1992,The Smithereens,Pop Rock,Tom Cochrane,The Celebrity Theatre,"Anaheim, California","Mike, Dori",Email from Cindy (band),,,Anaheim, California,,June 4 1992,June,4,1992,Thursday,,,,,,,,,,,,,,,,,,,,,,,,,,,,,,,,,,,,,,,,,,,,,,,,,,,,,,,,,,,,,,,,,,,,,,,,,,,,,,,,,,,,,,,,,,,,,,,,,,,,,,,,,,,,,,,,,,,,,,,,,,,,,,,,,,,,,,,,,,,,,,,,,,,,,,,,,,,,,,,,,,,,,,,,,,,,,,,,,,,,,,,,,,,,
12/21/1991,Siouxsie and Banshees,Post Punk,"Ian McCulloch,School of Fish,The Smithereens,The Wonderstuff",Universal Amphitheater ,"Los Angeles, California","Mike, Dori",https://www.setlist.fm/search?query=KROQ+Almost+Acoustic+Christmas+1991,,,Los Angeles, California,,December 21 1991,December,21,1991,Saturday,,Ian McCulloch,School of Fish,The Smithereens,The Wonderstuff,,,,,,,,,,,,,,,,,,,,,,,,,,,,,,,,,,,,,,,,,,,,,,,,,,,,,,,,,,,,,,,,,,,,,,,,,,,,,,,,,,,,,,,,,,,,,,,,,,,,,,,,,,,,,,,,,,,,,,,,,,,,,,,,,,,,,,,,,,,,,,,,,,,,,,,,,,,,,,,,,,,,,,,,,,,,,,,,,,,,,,,
2/26/1993,Adam Ant,New Wave,,The Coach House,"San Juan Capistrano, California","Mike, Dori",https://www.concertarchives.org/concerts/adam-ant-4b74ed36-29ab-4759-9fe7-39cea7e19871,,,San Juan Capistrano, California,,February 26 1993,February,26,1993,Friday,,,,,,,,,,,,,,,,,,,,,,,,,,,,,,,,,,,,,,,,,,,,,,,,,,,,,,,,,,,,,,,,,,,,,,,,,,,,,,,,,,,,,,,,,,,,,,,,,,,,,,,,,,,,,,,,,,,,,,,,,,,,,,,,,,,,,,,,,,,,,,,,,,,,,,,,,,,,,,,,,,,,,,,,,,,,,,,,,,,,,,,,,,,,
9/18/1993,Peter Gabriel,Art Rock,,Olympic Velodrome,"Carson, California","Mike, Dori",,,,Carson, California,,September 18 1993,September,18,1993,Saturday,,,,,,,,,,,,,,,,,,,,,,,,,,,,,,,,,,,,,,,,,,,,,,,,,,,,,,,,,,,,,,,,,,,,,,,,,,,,,,,,,,,,,,,,,,,,,,,,,,,,,,,,,,,,,,,,,,,,,,,,,,,,,,,,,,,,,,,,,,,,,,,,,,,,,,,,,,,,,,,,,,,,,,,,,,,,,,,,,,,,,,,,,,,,
11/4/1993,Tears For Fears,New Wave,,Universal Amphitheater ,"Los Angeles, California","Mike, Dori",https://www.setlist.fm/setlist/tears-for-fears/1993/universal-amphitheatre-universal-city-ca-23dd347b.html,,,Los Angeles, California,,November 4 1993,November,4,1993,Thursday,,,,,,,,,,,,,,,,,,,,,,,,,,,,,,,,,,,,,,,,,,,,,,,,,,,,,,,,,,,,,,,,,,,,,,,,,,,,,,,,,,,,,,,,,,,,,,,,,,,,,,,,,,,,,,,,,,,,,,,,,,,,,,,,,,,,,,,,,,,,,,,,,,,,,,,,,,,,,,,,,,,,,,,,,,,,,,,,,,,,,,,,,,,,
2/4/1995,Violent Femmes,Alternative,,Hollywood Palladium,"Hollywood, California","Mike, Dori, Bruce",https://www.concertarchives.org/concerts/violent-femmes-deb0d821-f150-4a40-a727-d89ebc259086,,,Hollywood, California,,February 4 1995,February,4,1995,Saturday,,,,,,,,,,,,,,,,,,,,,,,,,,,,,,,,,,,,,,,,,,,,,,,,,,,,,,,,,,,,,,,,,,,,,,,,,,,,,,,,,,,,,,,,,,,,,,,,,,,,,,,,,,,,,,,,,,,,,,,,,,,,,,,,,,,,,,,,,,,,,,,,,,,,,,,,,,,,,,,,,,,,,,,,,,,,,,,,,,,,,,,,,,,,
3/26/1995,Brian Setzer Orchestra,Swing,,Hard Rock Cafe,"Newport Beach, California","Mike, Dori",https://www.setlist.fm/setlist/the-brian-setzer-orchestra/1995/hard-rock-cafe-newport-beach-ca-3392381d.html,,,Newport Beach, California,,March 26 1995,March,26,1995,Sunday,,,,,,,,,,,,,,,,,,,,,,,,,,,,,,,,,,,,,,,,,,,,,,,,,,,,,,,,,,,,,,,,,,,,,,,,,,,,,,,,,,,,,,,,,,,,,,,,,,,,,,,,,,,,,,,,,,,,,,,,,,,,,,,,,,,,,,,,,,,,,,,,,,,,,,,,,,,,,,,,,,,,,,,,,,,,,,,,,,,,,,,,,,,,
10/30/1995,Big Audio Dynamite,New Wave,"John Doe,Jane Weidlin",The Galaxy Theatre,"Santa Ana, California","Mike, Dori",https://www.setlist.fm/setlist/big-audio-dynamite/1995/galaxy-theatre-santa-ana-ca-2b8b7026.html,,,Santa Ana, California,,October 30 1995,October,30,1995,Monday,,John Doe,Jane Weidlin,,,,,,,,,,,,,,,,,,,,,,,,,,,,,,,,,,,,,,,,,,,,,,,,,,,,,,,,,,,,,,,,,,,,,,,,,,,,,,,,,,,,,,,,,,,,,,,,,,,,,,,,,,,,,,,,,,,,,,,,,,,,,,,,,,,,,,,,,,,,,,,,,,,,,,,,,,,,,,,,,,,,,,,,,,,,,,,,,,,,,,,,,
10/14/1995,Jimmy Buffett,Gulf and Western Country Rock,,Irvine Meadows,"Irvine, California","Mike, Dori",,,,Irvine, California,,October 14 1995,October,14,1995,Saturday,,,,,,,,,,,,,,,,,,,,,,,,,,,,,,,,,,,,,,,,,,,,,,,,,,,,,,,,,,,,,,,,,,,,,,,,,,,,,,,,,,,,,,,,,,,,,,,,,,,,,,,,,,,,,,,,,,,,,,,,,,,,,,,,,,,,,,,,,,,,,,,,,,,,,,,,,,,,,,,,,,,,,,,,,,,,,,,,,,,,,,,,,,,,
2/11/1998,Pat DiNizio,Pop Rock,,The Coach House,"San Juan Capistrano, California","Mike, Dori",https://www.setlist.fm/setlist/pat-dinizio/1998/the-coach-house-san-juan-capistrano-ca-438ae3ab.html,,,San Juan Capistrano, California,,February 11 1998,February,11,1998,Wednesday,,,,,,,,,,,,,,,,,,,,,,,,,,,,,,,,,,,,,,,,,,,,,,,,,,,,,,,,,,,,,,,,,,,,,,,,,,,,,,,,,,,,,,,,,,,,,,,,,,,,,,,,,,,,,,,,,,,,,,,,,,,,,,,,,,,,,,,,,,,,,,,,,,,,,,,,,,,,,,,,,,,,,,,,,,,,,,,,,,,,,,,,,,,,
10/25/1997,Jimmy Buffett,Gulf and Western Country Rock,,Irvine Meadows,"Irvine, California","Mike, Sue",,,,Irvine, California,,October 25 1997,October,25,1997,Saturday,,,,,,,,,,,,,,,,,,,,,,,,,,,,,,,,,,,,,,,,,,,,,,,,,,,,,,,,,,,,,,,,,,,,,,,,,,,,,,,,,,,,,,,,,,,,,,,,,,,,,,,,,,,,,,,,,,,,,,,,,,,,,,,,,,,,,,,,,,,,,,,,,,,,,,,,,,,,,,,,,,,,,,,,,,,,,,,,,,,,,,,,,,,,
10/13/1999,The Art of Noise,Sythpop,,Paradise Rock Club,"Boston, Massachusetts",Mike,https://www.setlist.fm/setlist/art-of-noise/1999/paradise-rock-club-boston-ma-5b8efba8.html,,,Boston, Massachusetts,,October 13 1999,October,13,1999,Wednesday,,,,,,,,,,,,,,,,,,,,,,,,,,,,,,,,,,,,,,,,,,,,,,,,,,,,,,,,,,,,,,,,,,,,,,,,,,,,,,,,,,,,,,,,,,,,,,,,,,,,,,,,,,,,,,,,,,,,,,,,,,,,,,,,,,,,,,,,,,,,,,,,,,,,,,,,,,,,,,,,,,,,,,,,,,,,,,,,,,,,,,,,,,,,
11/17/2000,Brian Setzer ’68 Comeback Special,Rockabilly,,The Coach House,"San Juan Capistrano, California","Mike, Dori",https://www.setlist.fm/setlist/brian-setzer-68-comeback-special/2000/the-coach-house-san-juan-capistrano-ca-b93b14a.html,,,San Juan Capistrano, California,,November 17 2000,November,17,2000,Friday,,,,,,,,,,,,,,,,,,,,,,,,,,,,,,,,,,,,,,,,,,,,,,,,,,,,,,,,,,,,,,,,,,,,,,,,,,,,,,,,,,,,,,,,,,,,,,,,,,,,,,,,,,,,,,,,,,,,,,,,,,,,,,,,,,,,,,,,,,,,,,,,,,,,,,,,,,,,,,,,,,,,,,,,,,,,,,,,,,,,,,,,,,,,
2/11/2001,Elton John,Soft Rock,Billy Joel,Kia Forum,"Inglewood, California",Dori,,,,Inglewood, California,,February 11 2001,February,11,2001,Sunday,,Billy Joel,,,,,,,,,,,,,,,,,,,,,,,,,,,,,,,,,,,,,,,,,,,,,,,,,,,,,,,,,,,,,,,,,,,,,,,,,,,,,,,,,,,,,,,,,,,,,,,,,,,,,,,,,,,,,,,,,,,,,,,,,,,,,,,,,,,,,,,,,,,,,,,,,,,,,,,,,,,,,,,,,,,,,,,,,,,,,,,,,,,,,,,,,,
12/21/2002,Brian Setzer Orchestra,Swing,Richard Cheese & Lounge Against the Machine,Universal Amphitheater ,"Los Angeles, California","Mike, Dori",https://www.concertarchives.org/concerts/brian-setzer-orchestra-richard-cheese-lounge-against-the-machine,,,Los Angeles, California,,December 21 2002,December,21,2002,Saturday,,Richard Cheese & Lounge Against the Machine,,,,,,,,,,,,,,,,,,,,,,,,,,,,,,,,,,,,,,,,,,,,,,,,,,,,,,,,,,,,,,,,,,,,,,,,,,,,,,,,,,,,,,,,,,,,,,,,,,,,,,,,,,,,,,,,,,,,,,,,,,,,,,,,,,,,,,,,,,,,,,,,,,,,,,,,,,,,,,,,,,,,,,,,,,,,,,,,,,,,,,,,,,
6/8/2003,Peter Gabriel,Art Rock,,Irvine Meadows,"Irvine, California","Mike, Dori, Kevin, Andi",https://www.concertarchives.org/concerts/peter-gabriel-64442961-9950-4878-90b2-f7ce2bd51a8a,,,Irvine, California,,June 8 2003,June,8,2003,Sunday,,,,,,,,,,,,,,,,,,,,,,,,,,,,,,,,,,,,,,,,,,,,,,,,,,,,,,,,,,,,,,,,,,,,,,,,,,,,,,,,,,,,,,,,,,,,,,,,,,,,,,,,,,,,,,,,,,,,,,,,,,,,,,,,,,,,,,,,,,,,,,,,,,,,,,,,,,,,,,,,,,,,,,,,,,,,,,,,,,,,,,,,,,,,
8/24/2003,The Human League,New Wave,The English Beat,The Grove of Anaheim,"Anaheim, California","Mike, Dori",https://www.concertarchives.org/concerts/the-human-league-66985b97-e59a-4a41-b2a8-7f145fed8f1e and https://www.setlist.fm/setlist/the-beat-starring-dave-wakeling/2003/the-grove-of-anaheim-anaheim-ca-538c271d.html,,,Anaheim, California,,August 24 2003,August,24,2003,Sunday,,The English Beat,,,,,,,,,,,,,,,,,,,,,,,,,,,,,,,,,,,,,,,,,,,,,,,,,,,,,,,,,,,,,,,,,,,,,,,,,,,,,,,,,,,,,,,,,,,,,,,,,,,,,,,,,,,,,,,,,,,,,,,,,,,,,,,,,,,,,,,,,,,,,,,,,,,,,,,,,,,,,,,,,,,,,,,,,,,,,,,,,,,,,,,,,,
8/29/2003,Joe Jackson,New Wave Pop,,House of Blues Anaheim,"Anaheim, California","Mike, Dori",https://www.setlist.fm/setlist/joe-jackson/2003/house-of-blues-anaheim-ca-53eb47b9.html,,,Anaheim, California,,August 29 2003,August,29,2003,Friday,,,,,,,,,,,,,,,,,,,,,,,,,,,,,,,,,,,,,,,,,,,,,,,,,,,,,,,,,,,,,,,,,,,,,,,,,,,,,,,,,,,,,,,,,,,,,,,,,,,,,,,,,,,,,,,,,,,,,,,,,,,,,,,,,,,,,,,,,,,,,,,,,,,,,,,,,,,,,,,,,,,,,,,,,,,,,,,,,,,,,,,,,,,,
9/20/2003,The Cure,New Wave,"Marc Almond,Berlin,Bow Wow Wow,Dashboard Confessional,Dramarama,Duran Duran,Echo and the Bunnymen,Fountains of Wayne,The English Beat,Hot Hot Heat,Interpol,Kings of Leon,Psychedelic Furs,Violent Femmes",Hyundai Pavilion,"San Bernardino, California","Mike, Dori, Kevin, Andi",https://www.setlist.fm/setlist/the-cure/2003/hyundai-pavilion-san-bernardino-ca-2bd7e0ea.html,,,San Bernardino, California,,September 20 2003,September,20,2003,Saturday,,Marc Almond,Berlin,Bow Wow Wow,Dashboard Confessional,Dramarama,Duran Duran,Echo and the Bunnymen,Fountains of Wayne,The English Beat,Hot Hot Heat,Interpol,Kings of Leon,Psychedelic Furs,Violent Femmes,,,,,,,,,,,,,,,,,,,,,,,,,,,,,,,,,,,,,,,,,,,,,,,,,,,,,,,,,,,,,,,,,,,,,,,,,,,,,,,,,,,,,,,,,,,,,,,,,,,,,,,,,,,,,,,,,,,,,,,,,,,,,,,,,,,,,,,,,,,,,,,,,,,,,,,,,,,,,,,,,,,,,,,,,,,,,
3/23/2005,Social Distortion,Punk,,Hard Rock Hotel Las Vegas,"Las Vegas, Nevada","Mike, Doug, Kevin, Bruce",https://www.concertarchives.org/concerts/social-distortion-6d4ba3cf-007d-4666-9038-a55719fe5b07,,,Las Vegas, Nevada,,March 23 2005,March,23,2005,Wednesday,,,,,,,,,,,,,,,,,,,,,,,,,,,,,,,,,,,,,,,,,,,,,,,,,,,,,,,,,,,,,,,,,,,,,,,,,,,,,,,,,,,,,,,,,,,,,,,,,,,,,,,,,,,,,,,,,,,,,,,,,,,,,,,,,,,,,,,,,,,,,,,,,,,,,,,,,,,,,,,,,,,,,,,,,,,,,,,,,,,,,,,,,,,,
7/27/2005,Garbage,Alternative,,Pacific Amphitheatre,"Costa Mesa, California","Mike, Dori",https://www.concertarchives.org/concerts/garbage-69bf1e23-9f21-4cec-8e0a-56c9c8cb744f,,,Costa Mesa, California,,July 27 2005,July,27,2005,Wednesday,,,,,,,,,,,,,,,,,,,,,,,,,,,,,,,,,,,,,,,,,,,,,,,,,,,,,,,,,,,,,,,,,,,,,,,,,,,,,,,,,,,,,,,,,,,,,,,,,,,,,,,,,,,,,,,,,,,,,,,,,,,,,,,,,,,,,,,,,,,,,,,,,,,,,,,,,,,,,,,,,,,,,,,,,,,,,,,,,,,,,,,,,,,,
11/22/2005,Depeche Mode,New Wave,Raveonettes,Staples Center,"Los Angeles, California","Mike, Kevin",,,,Los Angeles, California,,November 22 2005,November,22,2005,Tuesday,,Raveonettes,,,,,,,,,,,,,,,,,,,,,,,,,,,,,,,,,,,,,,,,,,,,,,,,,,,,,,,,,,,,,,,,,,,,,,,,,,,,,,,,,,,,,,,,,,,,,,,,,,,,,,,,,,,,,,,,,,,,,,,,,,,,,,,,,,,,,,,,,,,,,,,,,,,,,,,,,,,,,,,,,,,,,,,,,,,,,,,,,,,,,,,,,,
11/23/2005,Tears For Fears,New Wave,Dirty Vegas,Universal Amphitheater ,"Los Angeles, California","Mike, Kevin",https://www.concertarchives.org/concerts/tears-for-fears-d9c631c1-1ed1-48d0-a3fe-8d9b8090ebf8,,,Los Angeles, California,,November 23 2005,November,23,2005,Wednesday,,Dirty Vegas,,,,,,,,,,,,,,,,,,,,,,,,,,,,,,,,,,,,,,,,,,,,,,,,,,,,,,,,,,,,,,,,,,,,,,,,,,,,,,,,,,,,,,,,,,,,,,,,,,,,,,,,,,,,,,,,,,,,,,,,,,,,,,,,,,,,,,,,,,,,,,,,,,,,,,,,,,,,,,,,,,,,,,,,,,,,,,,,,,,,,,,,,,
2/2/2006,Howard Jones,New Wave,,The Coach House,"San Juan Capistrano, California","Mike, Dori",https://www.concertarchives.org/concerts/howard-jones-8a9522cc-8d4d-4e56-b825-315b78f76131,,,San Juan Capistrano, California,,February 2 2006,February,2,2006,Thursday,,,,,,,,,,,,,,,,,,,,,,,,,,,,,,,,,,,,,,,,,,,,,,,,,,,,,,,,,,,,,,,,,,,,,,,,,,,,,,,,,,,,,,,,,,,,,,,,,,,,,,,,,,,,,,,,,,,,,,,,,,,,,,,,,,,,,,,,,,,,,,,,,,,,,,,,,,,,,,,,,,,,,,,,,,,,,,,,,,,,,,,,,,,,
10/27/2006,Devo,New Wave,"Bow Wow Wow,Flock of Seagulls,When In Rome",The Grove of Anaheim,"Anaheim, California","Mike, Dori",https://www.setlist.fm/setlist/devo/2006/the-grove-of-anaheim-anaheim-ca-4bd25386.html,,,Anaheim, California,,October 27 2006,October,27,2006,Friday,,Bow Wow Wow,Flock of Seagulls,When In Rome,,,,,,,,,,,,,,,,,,,,,,,,,,,,,,,,,,,,,,,,,,,,,,,,,,,,,,,,,,,,,,,,,,,,,,,,,,,,,,,,,,,,,,,,,,,,,,,,,,,,,,,,,,,,,,,,,,,,,,,,,,,,,,,,,,,,,,,,,,,,,,,,,,,,,,,,,,,,,,,,,,,,,,,,,,,,,,,,,,,,,,,,
2/10/2007,The Tubes,Classic Rock,,The Coach House,"San Juan Capistrano, California",Mike,,,,San Juan Capistrano, California,,February 10 2007,February,10,2007,Saturday,,,,,,,,,,,,,,,,,,,,,,,,,,,,,,,,,,,,,,,,,,,,,,,,,,,,,,,,,,,,,,,,,,,,,,,,,,,,,,,,,,,,,,,,,,,,,,,,,,,,,,,,,,,,,,,,,,,,,,,,,,,,,,,,,,,,,,,,,,,,,,,,,,,,,,,,,,,,,,,,,,,,,,,,,,,,,,,,,,,,,,,,,,,,
6/2/2007,Berlin,New Wave,,The Coach House,"San Juan Capistrano, California","Mike, Dori",,,,San Juan Capistrano, California,,June 2 2007,June,2,2007,Saturday,,,,,,,,,,,,,,,,,,,,,,,,,,,,,,,,,,,,,,,,,,,,,,,,,,,,,,,,,,,,,,,,,,,,,,,,,,,,,,,,,,,,,,,,,,,,,,,,,,,,,,,,,,,,,,,,,,,,,,,,,,,,,,,,,,,,,,,,,,,,,,,,,,,,,,,,,,,,,,,,,,,,,,,,,,,,,,,,,,,,,,,,,,,,
5/4/2008,Duran Duran,New Romantic,,Nokia Center,"Los Angeles, California","Mike, Dori",,,,Los Angeles, California,,May 4 2008,May,4,2008,Sunday,,,,,,,,,,,,,,,,,,,,,,,,,,,,,,,,,,,,,,,,,,,,,,,,,,,,,,,,,,,,,,,,,,,,,,,,,,,,,,,,,,,,,,,,,,,,,,,,,,,,,,,,,,,,,,,,,,,,,,,,,,,,,,,,,,,,,,,,,,,,,,,,,,,,,,,,,,,,,,,,,,,,,,,,,,,,,,,,,,,,,,,,,,,,
7/22/2008,Stray Cats,Rockabilly,Hot Rod Lincoln,Pacific Amphitheatre,"Costa Mesa, California","Mike, Dori",,,,Costa Mesa, California,,July 22 2008,July,22,2008,Tuesday,,Hot Rod Lincoln,,,,,,,,,,,,,,,,,,,,,,,,,,,,,,,,,,,,,,,,,,,,,,,,,,,,,,,,,,,,,,,,,,,,,,,,,,,,,,,,,,,,,,,,,,,,,,,,,,,,,,,,,,,,,,,,,,,,,,,,,,,,,,,,,,,,,,,,,,,,,,,,,,,,,,,,,,,,,,,,,,,,,,,,,,,,,,,,,,,,,,,,,,
7/24/2008,Yaz,New Wave,The Psychedelic Furs,Pacific Amphitheatre,"Costa Mesa, California","Mike, Dori",,,,Costa Mesa, California,,July 24 2008,July,24,2008,Thursday,,The Psychedelic Furs,,,,,,,,,,,,,,,,,,,,,,,,,,,,,,,,,,,,,,,,,,,,,,,,,,,,,,,,,,,,,,,,,,,,,,,,,,,,,,,,,,,,,,,,,,,,,,,,,,,,,,,,,,,,,,,,,,,,,,,,,,,,,,,,,,,,,,,,,,,,,,,,,,,,,,,,,,,,,,,,,,,,,,,,,,,,,,,,,,,,,,,,,,
9/6/2008,The English Beat,Ska,,The Coach House,"San Juan Capistrano, California","Mike, Dori",,,,San Juan Capistrano, California,,September 6 2008,September,6,2008,Saturday,,,,,,,,,,,,,,,,,,,,,,,,,,,,,,,,,,,,,,,,,,,,,,,,,,,,,,,,,,,,,,,,,,,,,,,,,,,,,,,,,,,,,,,,,,,,,,,,,,,,,,,,,,,,,,,,,,,,,,,,,,,,,,,,,,,,,,,,,,,,,,,,,,,,,,,,,,,,,,,,,,,,,,,,,,,,,,,,,,,,,,,,,,,,
11/28/2008,Berlin,New Wave,,The Coach House,"San Juan Capistrano, California","Mike, Dori",,,,San Juan Capistrano, California,,November 28 2008,November,28,2008,Friday,,,,,,,,,,,,,,,,,,,,,,,,,,,,,,,,,,,,,,,,,,,,,,,,,,,,,,,,,,,,,,,,,,,,,,,,,,,,,,,,,,,,,,,,,,,,,,,,,,,,,,,,,,,,,,,,,,,,,,,,,,,,,,,,,,,,,,,,,,,,,,,,,,,,,,,,,,,,,,,,,,,,,,,,,,,,,,,,,,,,,,,,,,,,
12/9/2008,Mike Ness,Rockabilly,,The Coach House,"San Juan Capistrano, California",Mike,,,,San Juan Capistrano, California,,December 9 2008,December,9,2008,Tuesday,,,,,,,,,,,,,,,,,,,,,,,,,,,,,,,,,,,,,,,,,,,,,,,,,,,,,,,,,,,,,,,,,,,,,,,,,,,,,,,,,,,,,,,,,,,,,,,,,,,,,,,,,,,,,,,,,,,,,,,,,,,,,,,,,,,,,,,,,,,,,,,,,,,,,,,,,,,,,,,,,,,,,,,,,,,,,,,,,,,,,,,,,,,,
5/16/2009,Brian Setzer and the Nashvillians,Rockabilly,Keb Mo,Doheny,"Dana Point, California","Mike, Dori, Nick, Alex",https://www.setlist.fm/festival/2009/doheny-blues-festival-2009-5bd63bfc.html,,,Dana Point, California,,May 16 2009,May,16,2009,Saturday,,,,,,,,,,,,,,,,,,,,,,,,,,,,,,,,,,,,,,,,,,,,,,,,,,,,,,,,,,,,,,,,,,,,,,,,,,,,,,,,,,,,,,,,,,,,,,,,,,,,,,,,,,,,,,,,,,,,,,,,,,,,,,,,,,,,,,,,,,,,,,,,,,,,,,,,,,,,,,,,,,,,,,,,,,,,,,,,,,,,,,,,,,,,
11/10/2009,Rob Thomas,Pop Rock,,EagleBank Arena,"Fairfax, Virginia",Dori,,,,Fairfax, Virginia,,November 10 2009,November,10,2009,Tuesday,,,,,,,,,,,,,,,,,,,,,,,,,,,,,,,,,,,,,,,,,,,,,,,,,,,,,,,,,,,,,,,,,,,,,,,,,,,,,,,,,,,,,,,,,,,,,,,,,,,,,,,,,,,,,,,,,,,,,,,,,,,,,,,,,,,,,,,,,,,,,,,,,,,,,,,,,,,,,,,,,,,,,,,,,,,,,,,,,,,,,,,,,,,,
2/22/2010,The English Beat,Ska,Fishbone,9:30 Club,"Washington, District of Columbia","Mike, Dori",https://www.concertarchives.org/concerts/the-english-beat-fishbone-outlaw-nation-3e7ee4ff-8daf-4141-9c47-afc15257f156,,,Washington, District of Columbia,,February 22 2010,February,22,2010,Monday,,Fishbone,,,,,,,,,,,,,,,,,,,,,,,,,,,,,,,,,,,,,,,,,,,,,,,,,,,,,,,,,,,,,,,,,,,,,,,,,,,,,,,,,,,,,,,,,,,,,,,,,,,,,,,,,,,,,,,,,,,,,,,,,,,,,,,,,,,,,,,,,,,,,,,,,,,,,,,,,,,,,,,,,,,,,,,,,,,,,,,,,,,,,,,,,,
4/30/2010,Echo and the Bunnymen,New Wave,"Hatcham Social,Kelley Stoltz",The Black Cat,"Washington, District of Columbia",Mike,https://www.concertarchives.org/concerts/echo-the-bunnymen-hatcham-social-kelley-stoltz-d0285d7a-7a8c-4bbe-99ee-679ead203306,,,Washington, District of Columbia,,April 30 2010,April,30,2010,Friday,,Hatcham Social,Kelley Stoltz,,,,,,,,,,,,,,,,,,,,,,,,,,,,,,,,,,,,,,,,,,,,,,,,,,,,,,,,,,,,,,,,,,,,,,,,,,,,,,,,,,,,,,,,,,,,,,,,,,,,,,,,,,,,,,,,,,,,,,,,,,,,,,,,,,,,,,,,,,,,,,,,,,,,,,,,,,,,,,,,,,,,,,,,,,,,,,,,,,,,,,,,,
10/26/2010,Social Distortion,Punk,,9:30 Club,"Washington, District of Columbia","Mike, Dori",,,,Washington, District of Columbia,,October 26 2010,October,26,2010,Tuesday,,,,,,,,,,,,,,,,,,,,,,,,,,,,,,,,,,,,,,,,,,,,,,,,,,,,,,,,,,,,,,,,,,,,,,,,,,,,,,,,,,,,,,,,,,,,,,,,,,,,,,,,,,,,,,,,,,,,,,,,,,,,,,,,,,,,,,,,,,,,,,,,,,,,,,,,,,,,,,,,,,,,,,,,,,,,,,,,,,,,,,,,,,,,
4/26/2011,Bad Religion,Punk,Rise Against,9:30 Club,"Washington, District of Columbia","Mike, Dori",https://www.concertarchives.org/concerts/rise-against-with-bad-religion-and-four-year-strong-at-9-30-club-april-26-2011,,,Washington, District of Columbia,,April 26 2011,April,26,2011,Tuesday,,Rise Against,,,,,,,,,,,,,,,,,,,,,,,,,,,,,,,,,,,,,,,,,,,,,,,,,,,,,,,,,,,,,,,,,,,,,,,,,,,,,,,,,,,,,,,,,,,,,,,,,,,,,,,,,,,,,,,,,,,,,,,,,,,,,,,,,,,,,,,,,,,,,,,,,,,,,,,,,,,,,,,,,,,,,,,,,,,,,,,,,,,,,,,,,,
5/6/2011,The Dollyrots,Pop Punk,Bowling for Soup,The Ballroom,"Baltimore, Maryland","Mike, Dori",https://www.concertarchives.org/concerts/ott-sub-swara-bowling-for-soup-the-dollyrots-thenewdeal,,,Baltimore, Maryland,,May 6 2011,May,6,2011,Friday,,Bowling for Soup,,,,,,,,,,,,,,,,,,,,,,,,,,,,,,,,,,,,,,,,,,,,,,,,,,,,,,,,,,,,,,,,,,,,,,,,,,,,,,,,,,,,,,,,,,,,,,,,,,,,,,,,,,,,,,,,,,,,,,,,,,,,,,,,,,,,,,,,,,,,,,,,,,,,,,,,,,,,,,,,,,,,,,,,,,,,,,,,,,,,,,,,,,
6/10/2011,The Go Go's,New Wave,The Dollyrots,Wolftrap,"Vienna, Virginia","Mike, Dori",,,,Vienna, Virginia,,June 10 2011,June,10,2011,Friday,,The Dollyrots,,,,,,,,,,,,,,,,,,,,,,,,,,,,,,,,,,,,,,,,,,,,,,,,,,,,,,,,,,,,,,,,,,,,,,,,,,,,,,,,,,,,,,,,,,,,,,,,,,,,,,,,,,,,,,,,,,,,,,,,,,,,,,,,,,,,,,,,,,,,,,,,,,,,,,,,,,,,,,,,,,,,,,,,,,,,,,,,,,,,,,,,,,
4/24/2012,Squeeze,New Wave Pop,The English Beat,Rams Head Live! Baltimore,"Baltimore, Maryland","Mike, Dori",,,,Baltimore, Maryland,,April 24 2012,April,24,2012,Tuesday,,The English Beat,,,,,,,,,,,,,,,,,,,,,,,,,,,,,,,,,,,,,,,,,,,,,,,,,,,,,,,,,,,,,,,,,,,,,,,,,,,,,,,,,,,,,,,,,,,,,,,,,,,,,,,,,,,,,,,,,,,,,,,,,,,,,,,,,,,,,,,,,,,,,,,,,,,,,,,,,,,,,,,,,,,,,,,,,,,,,,,,,,,,,,,,,,
5/10/2012,The Red Hot Chilli Peppers,Funk Rock,Sleigh Bells,Capitol One Arena,"Washington, District of Columbia","Mike, Dori",,,,Washington, District of Columbia,,May 10 2012,May,10,2012,Thursday,,Sleigh Bells,,,,,,,,,,,,,,,,,,,,,,,,,,,,,,,,,,,,,,,,,,,,,,,,,,,,,,,,,,,,,,,,,,,,,,,,,,,,,,,,,,,,,,,,,,,,,,,,,,,,,,,,,,,,,,,,,,,,,,,,,,,,,,,,,,,,,,,,,,,,,,,,,,,,,,,,,,,,,,,,,,,,,,,,,,,,,,,,,,,,,,,,,,
6/12/2012,The Cult,New Wave,Against Me!,The Fillmore Silver Spring,"Silver Spring, Maryland","Mike, Dori",,,,Silver Spring, Maryland,,June 12 2012,June,12,2012,Tuesday,,Against Me!,,,,,,,,,,,,,,,,,,,,,,,,,,,,,,,,,,,,,,,,,,,,,,,,,,,,,,,,,,,,,,,,,,,,,,,,,,,,,,,,,,,,,,,,,,,,,,,,,,,,,,,,,,,,,,,,,,,,,,,,,,,,,,,,,,,,,,,,,,,,,,,,,,,,,,,,,,,,,,,,,,,,,,,,,,,,,,,,,,,,,,,,,,
7/5/2012,Howard Jones,New Wave,,Howard Theater,"Washington, District of Columbia","Mike, Dori",https://www.concertarchives.org/concerts/howard-jones-2b3f12ac-9dc2-4559-9ad9-ef571208c0aa,,,Washington, District of Columbia,,July 5 2012,July,5,2012,Thursday,,,,,,,,,,,,,,,,,,,,,,,,,,,,,,,,,,,,,,,,,,,,,,,,,,,,,,,,,,,,,,,,,,,,,,,,,,,,,,,,,,,,,,,,,,,,,,,,,,,,,,,,,,,,,,,,,,,,,,,,,,,,,,,,,,,,,,,,,,,,,,,,,,,,,,,,,,,,,,,,,,,,,,,,,,,,,,,,,,,,,,,,,,,,
9/15/2012,Joe Jackson,New Wave Pop,,The Strathmore,"Bethesda, Maryland","Mike, Dori",https://www.setlist.fm/setlist/joe-jackson/2012/the-music-center-at-strathmore-north-bethesda-md-2bdd88ee.html,,,Bethesda, Maryland,,September 15 2012,September,15,2012,Saturday,,,,,,,,,,,,,,,,,,,,,,,,,,,,,,,,,,,,,,,,,,,,,,,,,,,,,,,,,,,,,,,,,,,,,,,,,,,,,,,,,,,,,,,,,,,,,,,,,,,,,,,,,,,,,,,,,,,,,,,,,,,,,,,,,,,,,,,,,,,,,,,,,,,,,,,,,,,,,,,,,,,,,,,,,,,,,,,,,,,,,,,,,,,,
11/6/2012,Social Distortion,Punk,Lindi Ortega,9:30 Club,"Washington, District of Columbia","Mike, Dori",,,,Washington, District of Columbia,,November 6 2012,November,6,2012,Tuesday,,Lindi Ortega,,,,,,,,,,,,,,,,,,,,,,,,,,,,,,,,,,,,,,,,,,,,,,,,,,,,,,,,,,,,,,,,,,,,,,,,,,,,,,,,,,,,,,,,,,,,,,,,,,,,,,,,,,,,,,,,,,,,,,,,,,,,,,,,,,,,,,,,,,,,,,,,,,,,,,,,,,,,,,,,,,,,,,,,,,,,,,,,,,,,,,,,,,
3/10/2013,Dropkick Murphys,Punk,"Solemn Sun,Barroom Heroes",9:30 Club,"Washington, District of Columbia","Mike, Dori",,,,Washington, District of Columbia,,March 10 2013,March,10,2013,Sunday,,Solemn Sun,Barroom Heroes,,,,,,,,,,,,,,,,,,,,,,,,,,,,,,,,,,,,,,,,,,,,,,,,,,,,,,,,,,,,,,,,,,,,,,,,,,,,,,,,,,,,,,,,,,,,,,,,,,,,,,,,,,,,,,,,,,,,,,,,,,,,,,,,,,,,,,,,,,,,,,,,,,,,,,,,,,,,,,,,,,,,,,,,,,,,,,,,,,,,,,,,,
3/22/2013,Bad Religion,Punk,"Against Me!,The Bronx,Polar Bear Club",9:30 Club,"Washington, District of Columbia","Mike, Dori",https://www.concertarchives.org/concerts/bad-religion-polar-bear-club-the-bronx,,,Washington, District of Columbia,,March 22 2013,March,22,2013,Friday,,Against Me!,The Bronx,Polar Bear Club,,,,,,,,,,,,,,,,,,,,,,,,,,,,,,,,,,,,,,,,,,,,,,,,,,,,,,,,,,,,,,,,,,,,,,,,,,,,,,,,,,,,,,,,,,,,,,,,,,,,,,,,,,,,,,,,,,,,,,,,,,,,,,,,,,,,,,,,,,,,,,,,,,,,,,,,,,,,,,,,,,,,,,,,,,,,,,,,,,,,,,,,
3/24/2013,Garbage,Alternative,,The Fillmore Silver Spring,"Silver Spring, Maryland","Mike, Dori",,,,Silver Spring, Maryland,,March 24 2013,March,24,2013,Sunday,,,,,,,,,,,,,,,,,,,,,,,,,,,,,,,,,,,,,,,,,,,,,,,,,,,,,,,,,,,,,,,,,,,,,,,,,,,,,,,,,,,,,,,,,,,,,,,,,,,,,,,,,,,,,,,,,,,,,,,,,,,,,,,,,,,,,,,,,,,,,,,,,,,,,,,,,,,,,,,,,,,,,,,,,,,,,,,,,,,,,,,,,,,,
6/1/2013,Rancid,Punk,"Transplants,Crown of Thornz",The Fillmore Silver Spring,"Silver Spring, Maryland",Mike,,,,Silver Spring, Maryland,,June 1 2013,June,1,2013,Saturday,,Transplants,Crown of Thornz,,,,,,,,,,,,,,,,,,,,,,,,,,,,,,,,,,,,,,,,,,,,,,,,,,,,,,,,,,,,,,,,,,,,,,,,,,,,,,,,,,,,,,,,,,,,,,,,,,,,,,,,,,,,,,,,,,,,,,,,,,,,,,,,,,,,,,,,,,,,,,,,,,,,,,,,,,,,,,,,,,,,,,,,,,,,,,,,,,,,,,,,,
6/2/2013,The Smithereens,Pop Rock,,The Hamilton Live,"Washington, District of Columbia","Mike, Dori",,,,Washington, District of Columbia,,June 2 2013,June,2,2013,Sunday,,,,,,,,,,,,,,,,,,,,,,,,,,,,,,,,,,,,,,,,,,,,,,,,,,,,,,,,,,,,,,,,,,,,,,,,,,,,,,,,,,,,,,,,,,,,,,,,,,,,,,,,,,,,,,,,,,,,,,,,,,,,,,,,,,,,,,,,,,,,,,,,,,,,,,,,,,,,,,,,,,,,,,,,,,,,,,,,,,,,,,,,,,,,
10/27/2013,Gary Numan,Post Punk,,The Black Cat,"Washington, District of Columbia",Mike,,,,Washington, District of Columbia,,October 27 2013,October,27,2013,Sunday,,,,,,,,,,,,,,,,,,,,,,,,,,,,,,,,,,,,,,,,,,,,,,,,,,,,,,,,,,,,,,,,,,,,,,,,,,,,,,,,,,,,,,,,,,,,,,,,,,,,,,,,,,,,,,,,,,,,,,,,,,,,,,,,,,,,,,,,,,,,,,,,,,,,,,,,,,,,,,,,,,,,,,,,,,,,,,,,,,,,,,,,,,,,
4/4/2014,Kraftwerk,Electronic,,9:30 Club,"Washington, District of Columbia","Mike, Kevin",,,,Washington, District of Columbia,,April 4 2014,April,4,2014,Friday,,,,,,,,,,,,,,,,,,,,,,,,,,,,,,,,,,,,,,,,,,,,,,,,,,,,,,,,,,,,,,,,,,,,,,,,,,,,,,,,,,,,,,,,,,,,,,,,,,,,,,,,,,,,,,,,,,,,,,,,,,,,,,,,,,,,,,,,,,,,,,,,,,,,,,,,,,,,,,,,,,,,,,,,,,,,,,,,,,,,,,,,,,,,
5/2/2014,Berlin,New Wave,,Rams Head Center Stage,"Hanover, Maryland","Mike, Dori",,,,Hanover, Maryland,,May 2 2014,May,2,2014,Friday,,,,,,,,,,,,,,,,,,,,,,,,,,,,,,,,,,,,,,,,,,,,,,,,,,,,,,,,,,,,,,,,,,,,,,,,,,,,,,,,,,,,,,,,,,,,,,,,,,,,,,,,,,,,,,,,,,,,,,,,,,,,,,,,,,,,,,,,,,,,,,,,,,,,,,,,,,,,,,,,,,,,,,,,,,,,,,,,,,,,,,,,,,,,
6/25/2014,Snarky Puppy,Jazz,,The Hamilton Live,"Washington, District of Columbia","Mike, Dori",https://www.concertarchives.org/concerts/snarky-puppy-db7ca5f2-76d4-474d-8c38-46fb6c38ce9a,,,Washington, District of Columbia,,June 25 2014,June,25,2014,Wednesday,,,,,,,,,,,,,,,,,,,,,,,,,,,,,,,,,,,,,,,,,,,,,,,,,,,,,,,,,,,,,,,,,,,,,,,,,,,,,,,,,,,,,,,,,,,,,,,,,,,,,,,,,,,,,,,,,,,,,,,,,,,,,,,,,,,,,,,,,,,,,,,,,,,,,,,,,,,,,,,,,,,,,,,,,,,,,,,,,,,,,,,,,,,,
7/30/2014,The Offspring,Pop Punk,"Pennywise,Vandals,Bad Religion",Pier 6 Pavillion,"Baltimore, Maryland","Mike, Dori",https://www.concertarchives.org/concerts/bad-religion-the-offspring-pennywise-the-vandals,,,Baltimore, Maryland,,July 30 2014,July,30,2014,Wednesday,,Pennywise,Vandals,Bad Religion,,,,,,,,,,,,,,,,,,,,,,,,,,,,,,,,,,,,,,,,,,,,,,,,,,,,,,,,,,,,,,,,,,,,,,,,,,,,,,,,,,,,,,,,,,,,,,,,,,,,,,,,,,,,,,,,,,,,,,,,,,,,,,,,,,,,,,,,,,,,,,,,,,,,,,,,,,,,,,,,,,,,,,,,,,,,,,,,,,,,,,,,
10/26/2014,Streetlight Manifesto,Ska,"Dan Potthast,Chris Murray",The Fillmore Silver Spring,"Silver Spring, Maryland",Mike,https://www.songkick.com/concerts/20592563-streetlight-manifesto-at-fillmore-silver-spring,,,Silver Spring, Maryland,,October 26 2014,October,26,2014,Sunday,,Dan Potthast,Chris Murray,,,,,,,,,,,,,,,,,,,,,,,,,,,,,,,,,,,,,,,,,,,,,,,,,,,,,,,,,,,,,,,,,,,,,,,,,,,,,,,,,,,,,,,,,,,,,,,,,,,,,,,,,,,,,,,,,,,,,,,,,,,,,,,,,,,,,,,,,,,,,,,,,,,,,,,,,,,,,,,,,,,,,,,,,,,,,,,,,,,,,,,,,
12/9/2014,The Head and the Heart,Folk Pop,Phox,DAR Constitution Hall,"Washington, District of Columbia","Mike, Carl",,,,Washington, District of Columbia,,December 9 2014,December,9,2014,Tuesday,,Phox,,,,,,,,,,,,,,,,,,,,,,,,,,,,,,,,,,,,,,,,,,,,,,,,,,,,,,,,,,,,,,,,,,,,,,,,,,,,,,,,,,,,,,,,,,,,,,,,,,,,,,,,,,,,,,,,,,,,,,,,,,,,,,,,,,,,,,,,,,,,,,,,,,,,,,,,,,,,,,,,,,,,,,,,,,,,,,,,,,,,,,,,,,
3/6/2015,Dropkick Murphys,Punk,"Mahones,Blood or Whiskey,Bryan Mcpherson",The Fillmore Silver Spring,"Washington, District of Columbia",Mike,,,,Washington, District of Columbia,,March 6 2015,March,6,2015,Friday,,Mahones,Blood or Whiskey,Bryan Mcpherson,,,,,,,,,,,,,,,,,,,,,,,,,,,,,,,,,,,,,,,,,,,,,,,,,,,,,,,,,,,,,,,,,,,,,,,,,,,,,,,,,,,,,,,,,,,,,,,,,,,,,,,,,,,,,,,,,,,,,,,,,,,,,,,,,,,,,,,,,,,,,,,,,,,,,,,,,,,,,,,,,,,,,,,,,,,,,,,,,,,,,,,,
6/10/2015,Royal Blood,Alternative,Mini Mansions,9:30 Club,"Washington, District of Columbia","Mike, Dori",,,,Washington, District of Columbia,,June 10 2015,June,10,2015,Wednesday,,Mini Mansions,,,,,,,,,,,,,,,,,,,,,,,,,,,,,,,,,,,,,,,,,,,,,,,,,,,,,,,,,,,,,,,,,,,,,,,,,,,,,,,,,,,,,,,,,,,,,,,,,,,,,,,,,,,,,,,,,,,,,,,,,,,,,,,,,,,,,,,,,,,,,,,,,,,,,,,,,,,,,,,,,,,,,,,,,,,,,,,,,,,,,,,,,,
6/15/2015,Snarky Puppy,Jazz,,The Hamilton Live,"Washington, District of Columbia","Mike, Dori",,,,Washington, District of Columbia,,June 15 2015,June,15,2015,Monday,,,,,,,,,,,,,,,,,,,,,,,,,,,,,,,,,,,,,,,,,,,,,,,,,,,,,,,,,,,,,,,,,,,,,,,,,,,,,,,,,,,,,,,,,,,,,,,,,,,,,,,,,,,,,,,,,,,,,,,,,,,,,,,,,,,,,,,,,,,,,,,,,,,,,,,,,,,,,,,,,,,,,,,,,,,,,,,,,,,,,,,,,,,,
7/4/2015,Foo Fighters,Rock,"Buddy Guy,Gary Clark Jr.,Heart,Joan Jett & The Blackhearts,LL Cool J,DJ Z-Trip,Trouble Funk,Trombone Shorty & Orleans Avenue,RDGLDGRN",RFK Stadium,"Washington, District of Columbia","Mike, Dori",https://www.songkick.com/concerts/22136733-foo-fighters-at-rfk-stadium,,,Washington, District of Columbia,,July 4 2015,July,4,2015,Saturday,,Buddy Guy,Gary Clark Jr.,Heart,Joan Jett & The Blackhearts,LL Cool J,DJ Z-Trip,Trouble Funk,Trombone Shorty & Orleans Avenue,RDGLDGRN,,,,,,,,,,,,,,,,,,,,,,,,,,,,,,,,,,,,,,,,,,,,,,,,,,,,,,,,,,,,,,,,,,,,,,,,,,,,,,,,,,,,,,,,,,,,,,,,,,,,,,,,,,,,,,,,,,,,,,,,,,,,,,,,,,,,,,,,,,,,,,,,,,,,,,,,,,,,,,,,,,,,,,,,,,,,,,,,,,
8/25/2015,Social Distortion,Punk,"Nikki Lane,Drag The River",The Fillmore Silver Spring,"Silver Spring, Maryland","Mike, Dori",https://www.concertarchives.org/concerts/nikki-lane-social-distortion-drag-the-river,,,Silver Spring, Maryland,,August 25 2015,August,25,2015,Tuesday,,Nikki Lane,Drag The River,,,,,,,,,,,,,,,,,,,,,,,,,,,,,,,,,,,,,,,,,,,,,,,,,,,,,,,,,,,,,,,,,,,,,,,,,,,,,,,,,,,,,,,,,,,,,,,,,,,,,,,,,,,,,,,,,,,,,,,,,,,,,,,,,,,,,,,,,,,,,,,,,,,,,,,,,,,,,,,,,,,,,,,,,,,,,,,,,,,,,,,,,
10/28/2015,Garbage,Alternative,Torres,9:30 Club,"Washington, District of Columbia","Mike, Dori",https://www.concertarchives.org/concerts/garbage--40,,,Washington, District of Columbia,,October 28 2015,October,28,2015,Wednesday,,Torres,,,,,,,,,,,,,,,,,,,,,,,,,,,,,,,,,,,,,,,,,,,,,,,,,,,,,,,,,,,,,,,,,,,,,,,,,,,,,,,,,,,,,,,,,,,,,,,,,,,,,,,,,,,,,,,,,,,,,,,,,,,,,,,,,,,,,,,,,,,,,,,,,,,,,,,,,,,,,,,,,,,,,,,,,,,,,,,,,,,,,,,,,,
4/29/2016,Dirty Heads,Reggae Rock,RDGLDGRN,The Fillmore Silver Spring,"Silver Spring, Maryland","Mike, Dori",https://www.concertarchives.org/concerts/dirty-heads-rdgldgrn,,,Silver Spring, Maryland,,April 29 2016,April,29,2016,Friday,,RDGLDGRN,,,,,,,,,,,,,,,,,,,,,,,,,,,,,,,,,,,,,,,,,,,,,,,,,,,,,,,,,,,,,,,,,,,,,,,,,,,,,,,,,,,,,,,,,,,,,,,,,,,,,,,,,,,,,,,,,,,,,,,,,,,,,,,,,,,,,,,,,,,,,,,,,,,,,,,,,,,,,,,,,,,,,,,,,,,,,,,,,,,,,,,,,,
5/2/2016,Snarky Puppy,Jazz,,Bethesda Jazz and Blues Club,"Bethesda, Maryland",Mike,,,,Bethesda, Maryland,,May 2 2016,May,2,2016,Monday,,,,,,,,,,,,,,,,,,,,,,,,,,,,,,,,,,,,,,,,,,,,,,,,,,,,,,,,,,,,,,,,,,,,,,,,,,,,,,,,,,,,,,,,,,,,,,,,,,,,,,,,,,,,,,,,,,,,,,,,,,,,,,,,,,,,,,,,,,,,,,,,,,,,,,,,,,,,,,,,,,,,,,,,,,,,,,,,,,,,,,,,,,,,
8/19/2016,Prophets of Rage,Political Hip Hop,AWOLNATION,EagleBank Arena,"Fairfax, Virginia",Mike,https://www.setlist.fm/setlist/prophets-of-rage/2016/eaglebank-arena-fairfax-va-1bfcd14c.html,,,Fairfax, Virginia,,August 19 2016,August,19,2016,Friday,,AWOLNATION,,,,,,,,,,,,,,,,,,,,,,,,,,,,,,,,,,,,,,,,,,,,,,,,,,,,,,,,,,,,,,,,,,,,,,,,,,,,,,,,,,,,,,,,,,,,,,,,,,,,,,,,,,,,,,,,,,,,,,,,,,,,,,,,,,,,,,,,,,,,,,,,,,,,,,,,,,,,,,,,,,,,,,,,,,,,,,,,,,,,,,,,,,
8/26/2016,The Smithereens,Pop Rock,,Birchmere,"Alexandria, Virginia","Mike, Dori",https://www.concertarchives.org/concerts/the-smithereens-615cd9fd-8ad3-4098-865c-1fdcaf71891a,,,Alexandria, Virginia,,August 26 2016,August,26,2016,Friday,,,,,,,,,,,,,,,,,,,,,,,,,,,,,,,,,,,,,,,,,,,,,,,,,,,,,,,,,,,,,,,,,,,,,,,,,,,,,,,,,,,,,,,,,,,,,,,,,,,,,,,,,,,,,,,,,,,,,,,,,,,,,,,,,,,,,,,,,,,,,,,,,,,,,,,,,,,,,,,,,,,,,,,,,,,,,,,,,,,,,,,,,,,,
9/3/2016,Howard Jones,New Wave,,The Hamilton Live,"Washington, District of Columbia","Mike, Dori",https://www.concertarchives.org/concerts/howard-jones-66a2e3f1-21ac-4539-b15e-94c295752def,,,Washington, District of Columbia,,September 3 2016,September,3,2016,Saturday,,,,,,,,,,,,,,,,,,,,,,,,,,,,,,,,,,,,,,,,,,,,,,,,,,,,,,,,,,,,,,,,,,,,,,,,,,,,,,,,,,,,,,,,,,,,,,,,,,,,,,,,,,,,,,,,,,,,,,,,,,,,,,,,,,,,,,,,,,,,,,,,,,,,,,,,,,,,,,,,,,,,,,,,,,,,,,,,,,,,,,,,,,,,
9/24/2016,The Roots,Alternative Hip Hop,"Living Colour,Public Enemy",National Museum of African American History and Culture,"Washington, District of Columbia","Mike, Dori",https://www.setlist.fm/setlist/public-enemy/2016/national-museum-of-african-american-history-and-culture-washington-dc-6bfde292.html,,,Washington, District of Columbia,,September 24 2016,September,24,2016,Saturday,,Living Colour,Public Enemy,,,,,,,,,,,,,,,,,,,,,,,,,,,,,,,,,,,,,,,,,,,,,,,,,,,,,,,,,,,,,,,,,,,,,,,,,,,,,,,,,,,,,,,,,,,,,,,,,,,,,,,,,,,,,,,,,,,,,,,,,,,,,,,,,,,,,,,,,,,,,,,,,,,,,,,,,,,,,,,,,,,,,,,,,,,,,,,,,,,,,,,,,
1/1/2017,Duran Duran,New Wave,,MGM National Harbor,"Washington, District of Columbia","Mike, Dori",,,,Washington, District of Columbia,,January 1 2017,January,1,2017,Sunday,,,,,,,,,,,,,,,,,,,,,,,,,,,,,,,,,,,,,,,,,,,,,,,,,,,,,,,,,,,,,,,,,,,,,,,,,,,,,,,,,,,,,,,,,,,,,,,,,,,,,,,,,,,,,,,,,,,,,,,,,,,,,,,,,,,,,,,,,,,,,,,,,,,,,,,,,,,,,,,,,,,,,,,,,,,,,,,,,,,,,,,,,,,,
5/9/2017,Midnight Oil,New Wave,,The Fillmore Silver Spring,"Washington, District of Columbia","Mike, Dori",,,,Washington, District of Columbia,,May 9 2017,May,9,2017,Tuesday,,,,,,,,,,,,,,,,,,,,,,,,,,,,,,,,,,,,,,,,,,,,,,,,,,,,,,,,,,,,,,,,,,,,,,,,,,,,,,,,,,,,,,,,,,,,,,,,,,,,,,,,,,,,,,,,,,,,,,,,,,,,,,,,,,,,,,,,,,,,,,,,,,,,,,,,,,,,,,,,,,,,,,,,,,,,,,,,,,,,,,,,,,,,
6/6/2017,Royal Blood,Alternative,,9:30 Club,"Washington, District of Columbia","Mike, Dori",,,,Washington, District of Columbia,,June 6 2017,June,6,2017,Tuesday,,,,,,,,,,,,,,,,,,,,,,,,,,,,,,,,,,,,,,,,,,,,,,,,,,,,,,,,,,,,,,,,,,,,,,,,,,,,,,,,,,,,,,,,,,,,,,,,,,,,,,,,,,,,,,,,,,,,,,,,,,,,,,,,,,,,,,,,,,,,,,,,,,,,,,,,,,,,,,,,,,,,,,,,,,,,,,,,,,,,,,,,,,,,
6/10/2017,Joe Jackson,New Wave Pop,,Wolftrap,"Vienna, Virginia","Mike, Dori",,,,Vienna, Virginia,,June 10 2017,June,10,2017,Saturday,,,,,,,,,,,,,,,,,,,,,,,,,,,,,,,,,,,,,,,,,,,,,,,,,,,,,,,,,,,,,,,,,,,,,,,,,,,,,,,,,,,,,,,,,,,,,,,,,,,,,,,,,,,,,,,,,,,,,,,,,,,,,,,,,,,,,,,,,,,,,,,,,,,,,,,,,,,,,,,,,,,,,,,,,,,,,,,,,,,,,,,,,,,,
7/13/2017,The Skints,Reggae Fusion,,DC9 Nightclub,"Washington, District of Columbia","Mike, Dori, Kevin",,,,Washington, District of Columbia,,July 13 2017,July,13,2017,Thursday,,,,,,,,,,,,,,,,,,,,,,,,,,,,,,,,,,,,,,,,,,,,,,,,,,,,,,,,,,,,,,,,,,,,,,,,,,,,,,,,,,,,,,,,,,,,,,,,,,,,,,,,,,,,,,,,,,,,,,,,,,,,,,,,,,,,,,,,,,,,,,,,,,,,,,,,,,,,,,,,,,,,,,,,,,,,,,,,,,,,,,,,,,,,
8/3/2017,Blondie,Post Punk,Garbage,Wolftrap,"Vienna, Virginia","Mike, Dori",,,,Vienna, Virginia,,August 3 2017,August,3,2017,Thursday,,Garbage,,,,,,,,,,,,,,,,,,,,,,,,,,,,,,,,,,,,,,,,,,,,,,,,,,,,,,,,,,,,,,,,,,,,,,,,,,,,,,,,,,,,,,,,,,,,,,,,,,,,,,,,,,,,,,,,,,,,,,,,,,,,,,,,,,,,,,,,,,,,,,,,,,,,,,,,,,,,,,,,,,,,,,,,,,,,,,,,,,,,,,,,,,
9/11/2017,Alison Moyet,New Wave,,Sixth & I Synagogue,"Washington, District of Columbia","Mike, Dori",,,,Washington, District of Columbia,,September 11 2017,September,11,2017,Monday,,,,,,,,,,,,,,,,,,,,,,,,,,,,,,,,,,,,,,,,,,,,,,,,,,,,,,,,,,,,,,,,,,,,,,,,,,,,,,,,,,,,,,,,,,,,,,,,,,,,,,,,,,,,,,,,,,,,,,,,,,,,,,,,,,,,,,,,,,,,,,,,,,,,,,,,,,,,,,,,,,,,,,,,,,,,,,,,,,,,,,,,,,,,
10/8/2017,Bat Fangs,Indie,"The Messthetics,Danger Painters,Kid Congo Powers",The Anthem,"Washington, District of Columbia","Mike, Dori",Soft opening,,,Washington, District of Columbia,,October 8 2017,October,8,2017,Sunday,,The Messthetics,Danger Painters,Kid Congo Powers,,,,,,,,,,,,,,,,,,,,,,,,,,,,,,,,,,,,,,,,,,,,,,,,,,,,,,,,,,,,,,,,,,,,,,,,,,,,,,,,,,,,,,,,,,,,,,,,,,,,,,,,,,,,,,,,,,,,,,,,,,,,,,,,,,,,,,,,,,,,,,,,,,,,,,,,,,,,,,,,,,,,,,,,,,,,,,,,,,,,,,,,
10/12/2017,Foo Fighters,Rock,The Struts,The Anthem,"Washington, District of Columbia","Mike, Dori",https://www.concertarchives.org/concerts/foo-fighters-with-the-struts-at-the-anthem-october-12-2017,,,Washington, District of Columbia,,October 12 2017,October,12,2017,Thursday,,The Struts,,,,,,,,,,,,,,,,,,,,,,,,,,,,,,,,,,,,,,,,,,,,,,,,,,,,,,,,,,,,,,,,,,,,,,,,,,,,,,,,,,,,,,,,,,,,,,,,,,,,,,,,,,,,,,,,,,,,,,,,,,,,,,,,,,,,,,,,,,,,,,,,,,,,,,,,,,,,,,,,,,,,,,,,,,,,,,,,,,,,,,,,,,
10/21/2017,Colin Hay,Neo Mellow,,Lincoln Theatre,"Washington, District of Columbia","Mike, Dori",,,,Washington, District of Columbia,,October 21 2017,October,21,2017,Saturday,,,,,,,,,,,,,,,,,,,,,,,,,,,,,,,,,,,,,,,,,,,,,,,,,,,,,,,,,,,,,,,,,,,,,,,,,,,,,,,,,,,,,,,,,,,,,,,,,,,,,,,,,,,,,,,,,,,,,,,,,,,,,,,,,,,,,,,,,,,,,,,,,,,,,,,,,,,,,,,,,,,,,,,,,,,,,,,,,,,,,,,,,,,,
11/25/2017,Brian Setzer Orchestra,Swing,,Warner Theatre,"Washington, District of Columbia","Mike, Dori",,,,Washington, District of Columbia,,November 25 2017,November,25,2017,Saturday,,,,,,,,,,,,,,,,,,,,,,,,,,,,,,,,,,,,,,,,,,,,,,,,,,,,,,,,,,,,,,,,,,,,,,,,,,,,,,,,,,,,,,,,,,,,,,,,,,,,,,,,,,,,,,,,,,,,,,,,,,,,,,,,,,,,,,,,,,,,,,,,,,,,,,,,,,,,,,,,,,,,,,,,,,,,,,,,,,,,,,,,,,,,
12/9/2017,Gary Numan,Post Punk,,9:30 Club,"Washington, District of Columbia","Mike, Dori",,,,Washington, District of Columbia,,December 9 2017,December,9,2017,Saturday,,,,,,,,,,,,,,,,,,,,,,,,,,,,,,,,,,,,,,,,,,,,,,,,,,,,,,,,,,,,,,,,,,,,,,,,,,,,,,,,,,,,,,,,,,,,,,,,,,,,,,,,,,,,,,,,,,,,,,,,,,,,,,,,,,,,,,,,,,,,,,,,,,,,,,,,,,,,,,,,,,,,,,,,,,,,,,,,,,,,,,,,,,,,
5/12/2018,The Human League,New Wave,"The Alarm,Dramarama,The Motels,Naked Eyes,The Untouchables,Gene Loves Jezabel,When In Rome,The Polecats",Huntington State Beach,"Huntington Beach, California","Mike, Kevin, Andi, Jodi",https://www.setlist.fm/festival/2018/like-totally-80s-festival-2018-5bd78b90.html,,,Huntington Beach, California,,May 12 2018,May,12,2018,Saturday,,The Alarm,Dramarama,The Motels,Naked Eyes,The Untouchables,Gene Loves Jezabel,When In Rome,The Polecats,,,,,,,,,,,,,,,,,,,,,,,,,,,,,,,,,,,,,,,,,,,,,,,,,,,,,,,,,,,,,,,,,,,,,,,,,,,,,,,,,,,,,,,,,,,,,,,,,,,,,,,,,,,,,,,,,,,,,,,,,,,,,,,,,,,,,,,,,,,,,,,,,,,,,,,,,,,,,,,,,,,,,,,,,,,,,,,,,,,
5/19/2018,Lee Rocker,Rockabilly,,Carpenter Performing Arts Center,"Long Beach, California","Mike, Erik",,,,Long Beach, California,,May 19 2018,May,19,2018,Saturday,,,,,,,,,,,,,,,,,,,,,,,,,,,,,,,,,,,,,,,,,,,,,,,,,,,,,,,,,,,,,,,,,,,,,,,,,,,,,,,,,,,,,,,,,,,,,,,,,,,,,,,,,,,,,,,,,,,,,,,,,,,,,,,,,,,,,,,,,,,,,,,,,,,,,,,,,,,,,,,,,,,,,,,,,,,,,,,,,,,,,,,,,,,,
6/17/2018,U2,Rock,,Capital One Center	,"Washington, District of Columbia","Dori, Beth",https://www.u2.com/tour/date/45561495,,,Washington, District of Columbia,,June 17 2018,June,17,2018,Sunday,,,,,,,,,,,,,,,,,,,,,,,,,,,,,,,,,,,,,,,,,,,,,,,,,,,,,,,,,,,,,,,,,,,,,,,,,,,,,,,,,,,,,,,,,,,,,,,,,,,,,,,,,,,,,,,,,,,,,,,,,,,,,,,,,,,,,,,,,,,,,,,,,,,,,,,,,,,,,,,,,,,,,,,,,,,,,,,,,,,,,,,,,,,,
8/17/2018,Stray Cats,Rockabilly,The Paladins,Pacific Amphitheatre,"Costa Mesa, California","Mike, Dori",,,,Costa Mesa, California,,August 17 2018,August,17,2018,Friday,,The Paladins,,,,,,,,,,,,,,,,,,,,,,,,,,,,,,,,,,,,,,,,,,,,,,,,,,,,,,,,,,,,,,,,,,,,,,,,,,,,,,,,,,,,,,,,,,,,,,,,,,,,,,,,,,,,,,,,,,,,,,,,,,,,,,,,,,,,,,,,,,,,,,,,,,,,,,,,,,,,,,,,,,,,,,,,,,,,,,,,,,,,,,,,,,
9/21/2018,Gary Numan,Post Punk,Me Not You,9:30 Club,"Washington, District of Columbia","Mike, Dori",https://www.concertarchives.org/concerts/gary-numan--62,,,Washington, District of Columbia,,September 21 2018,September,21,2018,Friday,,Me Not You,,,,,,,,,,,,,,,,,,,,,,,,,,,,,,,,,,,,,,,,,,,,,,,,,,,,,,,,,,,,,,,,,,,,,,,,,,,,,,,,,,,,,,,,,,,,,,,,,,,,,,,,,,,,,,,,,,,,,,,,,,,,,,,,,,,,,,,,,,,,,,,,,,,,,,,,,,,,,,,,,,,,,,,,,,,,,,,,,,,,,,,,,,
10/28/2018,Social Distortion,Punk,"Bad Religion,The Offspring,Pennywise,Suicidal Tendencies,Voodoo Glow Skulls,T.S.O.L.,Black Rebel Motorcycle Club,Snuff,Fear,Mad Caddies,Rancid,Aaron Lee Tasjan,Wrecks,The Interrupters",Huntington State Beach,"Huntington Beach, California","Mike, Dori",https://www.concertarchives.org/concerts/surf-city-blitz-2018,,,Huntington Beach, California,,October 28 2018,October,28,2018,Sunday,,Bad Religion,The Offspring,Pennywise,Suicidal Tendencies,Voodoo Glow Skulls,T.S.O.L.,Black Rebel Motorcycle Club,Snuff,Fear,Mad Caddies,Rancid,Aaron Lee Tasjan,Wrecks,The Interrupters,,,,,,,,,,,,,,,,,,,,,,,,,,,,,,,,,,,,,,,,,,,,,,,,,,,,,,,,,,,,,,,,,,,,,,,,,,,,,,,,,,,,,,,,,,,,,,,,,,,,,,,,,,,,,,,,,,,,,,,,,,,,,,,,,,,,,,,,,,,,,,,,,,,,,,,,,,,,,,,,,,,,,,,,,,,,,
11/3/2018,Streetlight Manifesto,Ska,,The Observatory,"Santa Ana, California","Mike, Dori, Kevin, Andi",,,,Santa Ana, California,,November 3 2018,November,3,2018,Saturday,,,,,,,,,,,,,,,,,,,,,,,,,,,,,,,,,,,,,,,,,,,,,,,,,,,,,,,,,,,,,,,,,,,,,,,,,,,,,,,,,,,,,,,,,,,,,,,,,,,,,,,,,,,,,,,,,,,,,,,,,,,,,,,,,,,,,,,,,,,,,,,,,,,,,,,,,,,,,,,,,,,,,,,,,,,,,,,,,,,,,,,,,,,,
3/24/2019,Foals,Indie Rock,"Bear Hands,Kiev",The Shrine Auditorium,"Los Angeles, California","Mike, Dori",,,,Los Angeles, California,,March 24 2019,March,24,2019,Sunday,,Bear Hands,Kiev,,,,,,,,,,,,,,,,,,,,,,,,,,,,,,,,,,,,,,,,,,,,,,,,,,,,,,,,,,,,,,,,,,,,,,,,,,,,,,,,,,,,,,,,,,,,,,,,,,,,,,,,,,,,,,,,,,,,,,,,,,,,,,,,,,,,,,,,,,,,,,,,,,,,,,,,,,,,,,,,,,,,,,,,,,,,,,,,,,,,,,,,,
4/14/2019,The Interrupters,Ska,"Masked Intruder,Rat Boy",The Observatory,"Santa Ana, California","Mike, Dori",,,,Santa Ana, California,,April 14 2019,April,14,2019,Sunday,,Masked Intruder,Rat Boy,,,,,,,,,,,,,,,,,,,,,,,,,,,,,,,,,,,,,,,,,,,,,,,,,,,,,,,,,,,,,,,,,,,,,,,,,,,,,,,,,,,,,,,,,,,,,,,,,,,,,,,,,,,,,,,,,,,,,,,,,,,,,,,,,,,,,,,,,,,,,,,,,,,,,,,,,,,,,,,,,,,,,,,,,,,,,,,,,,,,,,,,,
5/16/2019,Garbage,Alternative,,The Shrine Auditorium,"Los Angeles, California","Mike, Kevin",,,,Los Angeles, California,,May 16 2019,May,16,2019,Thursday,,,,,,,,,,,,,,,,,,,,,,,,,,,,,,,,,,,,,,,,,,,,,,,,,,,,,,,,,,,,,,,,,,,,,,,,,,,,,,,,,,,,,,,,,,,,,,,,,,,,,,,,,,,,,,,,,,,,,,,,,,,,,,,,,,,,,,,,,,,,,,,,,,,,,,,,,,,,,,,,,,,,,,,,,,,,,,,,,,,,,,,,,,,,
5/18/2019,Bandits of the Accoustic Revolution,Ska,,Dolby Theatre,"Hollywood, California","Mike, Dori",,,,Hollywood, California,,May 18 2019,May,18,2019,Saturday,,,,,,,,,,,,,,,,,,,,,,,,,,,,,,,,,,,,,,,,,,,,,,,,,,,,,,,,,,,,,,,,,,,,,,,,,,,,,,,,,,,,,,,,,,,,,,,,,,,,,,,,,,,,,,,,,,,,,,,,,,,,,,,,,,,,,,,,,,,,,,,,,,,,,,,,,,,,,,,,,,,,,,,,,,,,,,,,,,,,,,,,,,,,
5/26/2019,The Skints,Reggae Fusion,,Mozambique,"Laguna Beach, California","Mike, Dori",,,,Laguna Beach, California,,May 26 2019,May,26,2019,Sunday,,,,,,,,,,,,,,,,,,,,,,,,,,,,,,,,,,,,,,,,,,,,,,,,,,,,,,,,,,,,,,,,,,,,,,,,,,,,,,,,,,,,,,,,,,,,,,,,,,,,,,,,,,,,,,,,,,,,,,,,,,,,,,,,,,,,,,,,,,,,,,,,,,,,,,,,,,,,,,,,,,,,,,,,,,,,,,,,,,,,,,,,,,,,
7/19/2019,The English Beat,Ska,,OC Fair & Event Center,"Costa Mesa, California","Mike, Dori",,,,Costa Mesa, California,,July 19 2019,July,19,2019,Friday,,,,,,,,,,,,,,,,,,,,,,,,,,,,,,,,,,,,,,,,,,,,,,,,,,,,,,,,,,,,,,,,,,,,,,,,,,,,,,,,,,,,,,,,,,,,,,,,,,,,,,,,,,,,,,,,,,,,,,,,,,,,,,,,,,,,,,,,,,,,,,,,,,,,,,,,,,,,,,,,,,,,,,,,,,,,,,,,,,,,,,,,,,,,
7/30/2019,Streetlight Manifesto,Ska,,House of Blues Anaheim,"Anaheim, California","Mike, Dori",,,,Anaheim, California,,July 30 2019,July,30,2019,Tuesday,,,,,,,,,,,,,,,,,,,,,,,,,,,,,,,,,,,,,,,,,,,,,,,,,,,,,,,,,,,,,,,,,,,,,,,,,,,,,,,,,,,,,,,,,,,,,,,,,,,,,,,,,,,,,,,,,,,,,,,,,,,,,,,,,,,,,,,,,,,,,,,,,,,,,,,,,,,,,,,,,,,,,,,,,,,,,,,,,,,,,,,,,,,,
9/21/2019,Lenny Kravitz,Rock,,The Shrine Auditorium,"Los Angeles, California","Mike, Dori",,,,Los Angeles, California,,September 21 2019,September,21,2019,Saturday,,,,,,,,,,,,,,,,,,,,,,,,,,,,,,,,,,,,,,,,,,,,,,,,,,,,,,,,,,,,,,,,,,,,,,,,,,,,,,,,,,,,,,,,,,,,,,,,,,,,,,,,,,,,,,,,,,,,,,,,,,,,,,,,,,,,,,,,,,,,,,,,,,,,,,,,,,,,,,,,,,,,,,,,,,,,,,,,,,,,,,,,,,,,
10/6/2019,Lee Rocker,Rockabilly,,The Coach House,"San Juan Capistrano, California","Mike, Dori",,,,San Juan Capistrano, California,,October 6 2019,October,6,2019,Sunday,,,,,,,,,,,,,,,,,,,,,,,,,,,,,,,,,,,,,,,,,,,,,,,,,,,,,,,,,,,,,,,,,,,,,,,,,,,,,,,,,,,,,,,,,,,,,,,,,,,,,,,,,,,,,,,,,,,,,,,,,,,,,,,,,,,,,,,,,,,,,,,,,,,,,,,,,,,,,,,,,,,,,,,,,,,,,,,,,,,,,,,,,,,,
8/14/2021,Aquabats,Ska,The English Beat,Pacific Amphitheatre,"Costa Mesa, California","Mike, Dori, Alex, Nick, Taylor",,,,Costa Mesa, California,,August 14 2021,August,14,2021,Saturday,,The English Beat,,,,,,,,,,,,,,,,,,,,,,,,,,,,,,,,,,,,,,,,,,,,,,,,,,,,,,,,,,,,,,,,,,,,,,,,,,,,,,,,,,,,,,,,,,,,,,,,,,,,,,,,,,,,,,,,,,,,,,,,,,,,,,,,,,,,,,,,,,,,,,,,,,,,,,,,,,,,,,,,,,,,,,,,,,,,,,,,,,,,,,,,,,
5/7/2022,Royal Blood,Alternative,cleopatrick,House of Blues Anaheim,"Anaheim, California","Mike, Dori",,,,Anaheim, California,,May 7 2022,May,7,2022,Saturday,,cleopatrick,,,,,,,,,,,,,,,,,,,,,,,,,,,,,,,,,,,,,,,,,,,,,,,,,,,,,,,,,,,,,,,,,,,,,,,,,,,,,,,,,,,,,,,,,,,,,,,,,,,,,,,,,,,,,,,,,,,,,,,,,,,,,,,,,,,,,,,,,,,,,,,,,,,,,,,,,,,,,,,,,,,,,,,,,,,,,,,,,,,,,,,,,,
8/31/2021,Future Islands,Alternative,,House of Blues Anaheim,"Anaheim, California","Mike, Dori",https://www.setlist.fm/setlist/future-islands/2021/house-of-blues-anaheim-ca-738ccecd.html,,,Anaheim, California,,August 31 2021,August,31,2021,Tuesday,,,,,,,,,,,,,,,,,,,,,,,,,,,,,,,,,,,,,,,,,,,,,,,,,,,,,,,,,,,,,,,,,,,,,,,,,,,,,,,,,,,,,,,,,,,,,,,,,,,,,,,,,,,,,,,,,,,,,,,,,,,,,,,,,,,,,,,,,,,,,,,,,,,,,,,,,,,,,,,,,,,,,,,,,,,,,,,,,,,,,,,,,,,,
6/4/2022,Tears For Fears,New Wave,Garbage,Kia Forum,"Inglewood, California","Mike, Dori",,,,Inglewood, California,,June 4 2022,June,4,2022,Saturday,,Garbage,,,,,,,,,,,,,,,,,,,,,,,,,,,,,,,,,,,,,,,,,,,,,,,,,,,,,,,,,,,,,,,,,,,,,,,,,,,,,,,,,,,,,,,,,,,,,,,,,,,,,,,,,,,,,,,,,,,,,,,,,,,,,,,,,,,,,,,,,,,,,,,,,,,,,,,,,,,,,,,,,,,,,,,,,,,,,,,,,,,,,,,,,,
6/10/2022,Joe Jackson,New Wave Pop,,Orpheum Theatre,"Los Angeles, California","Mike, Dori, Kevin, Andi",,,,Los Angeles, California,,June 10 2022,June,10,2022,Friday,,,,,,,,,,,,,,,,,,,,,,,,,,,,,,,,,,,,,,,,,,,,,,,,,,,,,,,,,,,,,,,,,,,,,,,,,,,,,,,,,,,,,,,,,,,,,,,,,,,,,,,,,,,,,,,,,,,,,,,,,,,,,,,,,,,,,,,,,,,,,,,,,,,,,,,,,,,,,,,,,,,,,,,,,,,,,,,,,,,,,,,,,,,,
7/5/2022,Kraftwerk,Synthpop,,The Shrine Auditorium,"Los Angeles, California","Mike, Dori",,,,Los Angeles, California,,July 5 2022,July,5,2022,Tuesday,,,,,,,,,,,,,,,,,,,,,,,,,,,,,,,,,,,,,,,,,,,,,,,,,,,,,,,,,,,,,,,,,,,,,,,,,,,,,,,,,,,,,,,,,,,,,,,,,,,,,,,,,,,,,,,,,,,,,,,,,,,,,,,,,,,,,,,,,,,,,,,,,,,,,,,,,,,,,,,,,,,,,,,,,,,,,,,,,,,,,,,,,,,,
7/12/2022,Streetlight Manifesto,Ska,,House of Blues Anaheim,"Anaheim, California","Dori, Alex",,,,Anaheim, California,,July 12 2022,July,12,2022,Tuesday,,,,,,,,,,,,,,,,,,,,,,,,,,,,,,,,,,,,,,,,,,,,,,,,,,,,,,,,,,,,,,,,,,,,,,,,,,,,,,,,,,,,,,,,,,,,,,,,,,,,,,,,,,,,,,,,,,,,,,,,,,,,,,,,,,,,,,,,,,,,,,,,,,,,,,,,,,,,,,,,,,,,,,,,,,,,,,,,,,,,,,,,,,,,
8/1/2022,X,Punk,"The Blasters,Los Lobos",Pacific Amphitheatre,"Costa Mesa, California","Mike, Doug",,,,Costa Mesa, California,,August 1 2022,August,1,2022,Monday,,The Blasters,Los Lobos,,,,,,,,,,,,,,,,,,,,,,,,,,,,,,,,,,,,,,,,,,,,,,,,,,,,,,,,,,,,,,,,,,,,,,,,,,,,,,,,,,,,,,,,,,,,,,,,,,,,,,,,,,,,,,,,,,,,,,,,,,,,,,,,,,,,,,,,,,,,,,,,,,,,,,,,,,,,,,,,,,,,,,,,,,,,,,,,,,,,,,,,,
8/18/2022,Culture Club,New Wave,Berlin,Pacific Amphitheatre,"Costa Mesa, California","Mike, Erik",,,,Costa Mesa, California,,August 18 2022,August,18,2022,Thursday,,Berlin,,,,,,,,,,,,,,,,,,,,,,,,,,,,,,,,,,,,,,,,,,,,,,,,,,,,,,,,,,,,,,,,,,,,,,,,,,,,,,,,,,,,,,,,,,,,,,,,,,,,,,,,,,,,,,,,,,,,,,,,,,,,,,,,,,,,,,,,,,,,,,,,,,,,,,,,,,,,,,,,,,,,,,,,,,,,,,,,,,,,,,,,,,
9/9/2022,Peter Hook and the Light,Post Punk,El Ten Eleven,Theatre at the Ace Hotel,"Los Angeles, California","Mike, Dori",,,,Los Angeles, California,,September 9 2022,September,9,2022,Friday,,El Ten Eleven,,,,,,,,,,,,,,,,,,,,,,,,,,,,,,,,,,,,,,,,,,,,,,,,,,,,,,,,,,,,,,,,,,,,,,,,,,,,,,,,,,,,,,,,,,,,,,,,,,,,,,,,,,,,,,,,,,,,,,,,,,,,,,,,,,,,,,,,,,,,,,,,,,,,,,,,,,,,,,,,,,,,,,,,,,,,,,,,,,,,,,,,,,
9/25/2022,Gorrillaz,Alternative Hip Hop,EarthGang,YouTube Theatre,"Inglewood, California","Mike, Alex, Jane",,,,Inglewood, California,,September 25 2022,September,25,2022,Sunday,,EarthGang,,,,,,,,,,,,,,,,,,,,,,,,,,,,,,,,,,,,,,,,,,,,,,,,,,,,,,,,,,,,,,,,,,,,,,,,,,,,,,,,,,,,,,,,,,,,,,,,,,,,,,,,,,,,,,,,,,,,,,,,,,,,,,,,,,,,,,,,,,,,,,,,,,,,,,,,,,,,,,,,,,,,,,,,,,,,,,,,,,,,,,,,,,
10/1/2022,Heaven 17,New Wave,,The Observatory,"Santa Ana, California","Mike, Kevin, Wayne",,,,Santa Ana, California,,October 1 2022,October,1,2022,Saturday,,,,,,,,,,,,,,,,,,,,,,,,,,,,,,,,,,,,,,,,,,,,,,,,,,,,,,,,,,,,,,,,,,,,,,,,,,,,,,,,,,,,,,,,,,,,,,,,,,,,,,,,,,,,,,,,,,,,,,,,,,,,,,,,,,,,,,,,,,,,,,,,,,,,,,,,,,,,,,,,,,,,,,,,,,,,,,,,,,,,,,,,,,,,
10/7/2022,New Order,New Wave,"Pet Shop Boys,Paul Oakenfold",Hollywood Bowl,"Hollywood, California","Mike, Dori",,,,Hollywood, California,,October 7 2022,October,7,2022,Friday,,Pet Shop Boys,Paul Oakenfold,,,,,,,,,,,,,,,,,,,,,,,,,,,,,,,,,,,,,,,,,,,,,,,,,,,,,,,,,,,,,,,,,,,,,,,,,,,,,,,,,,,,,,,,,,,,,,,,,,,,,,,,,,,,,,,,,,,,,,,,,,,,,,,,,,,,,,,,,,,,,,,,,,,,,,,,,,,,,,,,,,,,,,,,,,,,,,,,,,,,,,,,,
10/28/2022,Danny Elfman,Orchestral Soundtrack,Boy Harsher,Hollywood Bowl,"Hollywood, California","Mike, Dori",,,,Hollywood, California,,October 28 2022,October,28,2022,Friday,,Boy Harsher,,,,,,,,,,,,,,,,,,,,,,,,,,,,,,,,,,,,,,,,,,,,,,,,,,,,,,,,,,,,,,,,,,,,,,,,,,,,,,,,,,,,,,,,,,,,,,,,,,,,,,,,,,,,,,,,,,,,,,,,,,,,,,,,,,,,,,,,,,,,,,,,,,,,,,,,,,,,,,,,,,,,,,,,,,,,,,,,,,,,,,,,,,
11/16/2022,Foals,Indie Rock,Inner Wave,Hollywood Palladium,"Hollywood, California","Mike, Dori",,,,Hollywood, California,,November 16 2022,November,16,2022,Wednesday,,Inner Wave,,,,,,,,,,,,,,,,,,,,,,,,,,,,,,,,,,,,,,,,,,,,,,,,,,,,,,,,,,,,,,,,,,,,,,,,,,,,,,,,,,,,,,,,,,,,,,,,,,,,,,,,,,,,,,,,,,,,,,,,,,,,,,,,,,,,,,,,,,,,,,,,,,,,,,,,,,,,,,,,,,,,,,,,,,,,,,,,,,,,,,,,,,
12/8/2022,Social Distortion,Punk,Chris Shiflett,House of Blues Anaheim,"Anaheim, California","Mike, Bruce",,,,Anaheim, California,,December 8 2022,December,8,2022,Thursday,,Chris Shiflett,,,,,,,,,,,,,,,,,,,,,,,,,,,,,,,,,,,,,,,,,,,,,,,,,,,,,,,,,,,,,,,,,,,,,,,,,,,,,,,,,,,,,,,,,,,,,,,,,,,,,,,,,,,,,,,,,,,,,,,,,,,,,,,,,,,,,,,,,,,,,,,,,,,,,,,,,,,,,,,,,,,,,,,,,,,,,,,,,,,,,,,,,,
3/3/2023,The English Beat,Ska,Smoke & Mirrors Sound System,The Belly Up Tavern,"Solana Beach, California","Mike, Dori, Wayne, Karen",,,,Solana Beach, California,,March 3 2023,March,3,2023,Friday,,,,,,,,,,,,,,,,,,,,,,,,,,,,,,,,,,,,,,,,,,,,,,,,,,,,,,,,,,,,,,,,,,,,,,,,,,,,,,,,,,,,,,,,,,,,,,,,,,,,,,,,,,,,,,,,,,,,,,,,,,,,,,,,,,,,,,,,,,,,,,,,,,,,,,,,,,,,,,,,,,,,,,,,,,,,,,,,,,,,,,,,,,,,
3/28/2023,Depeche Mode,New Wave,Kelly Lee Owens,Kia Forum,"Inglewood, California","Mike, Dori",,,,Inglewood, California,,March 28 2023,March,28,2023,Tuesday,,Kelly Lee Owens,,,,,,,,,,,,,,,,,,,,,,,,,,,,,,,,,,,,,,,,,,,,,,,,,,,,,,,,,,,,,,,,,,,,,,,,,,,,,,,,,,,,,,,,,,,,,,,,,,,,,,,,,,,,,,,,,,,,,,,,,,,,,,,,,,,,,,,,,,,,,,,,,,,,,,,,,,,,,,,,,,,,,,,,,,,,,,,,,,,,,,,,,,
4/12/2023,Dr Sick,Jazz,,21st Amendment ,"New Orleans, Louisiana","Mike, Dori",,,,New Orleans, Louisiana,,April 12 2023,April,12,2023,Wednesday,,,,,,,,,,,,,,,,,,,,,,,,,,,,,,,,,,,,,,,,,,,,,,,,,,,,,,,,,,,,,,,,,,,,,,,,,,,,,,,,,,,,,,,,,,,,,,,,,,,,,,,,,,,,,,,,,,,,,,,,,,,,,,,,,,,,,,,,,,,,,,,,,,,,,,,,,,,,,,,,,,,,,,,,,,,,,,,,,,,,,,,,,,,,
5/9/2023,Crowded House,Pop Rock,Liam Finn,The Wiltern,"Los Angeles, California","Mike, Dori",,,,Los Angeles, California,,May 9 2023,May,9,2023,Tuesday,,Liam Finn,,,,,,,,,,,,,,,,,,,,,,,,,,,,,,,,,,,,,,,,,,,,,,,,,,,,,,,,,,,,,,,,,,,,,,,,,,,,,,,,,,,,,,,,,,,,,,,,,,,,,,,,,,,,,,,,,,,,,,,,,,,,,,,,,,,,,,,,,,,,,,,,,,,,,,,,,,,,,,,,,,,,,,,,,,,,,,,,,,,,,,,,,,
5/24/2023,The Cure,New Wave,The Twilight Sad,Hollywood Bowl,"Hollywood, California","Mike, Dori",,,,Hollywood, California,,May 24 2023,May,24,2023,Wednesday,,The Twilight Sad,,,,,,,,,,,,,,,,,,,,,,,,,,,,,,,,,,,,,,,,,,,,,,,,,,,,,,,,,,,,,,,,,,,,,,,,,,,,,,,,,,,,,,,,,,,,,,,,,,,,,,,,,,,,,,,,,,,,,,,,,,,,,,,,,,,,,,,,,,,,,,,,,,,,,,,,,,,,,,,,,,,,,,,,,,,,,,,,,,,,,,,,,,
7/18/2023,Foals,Indie Rock,Andy Stavas,The Belasco,"Los Angeles, California","Mike, Dori",,,,Los Angeles, California,,July 18 2023,July,18,2023,Tuesday,,Andy Stavas,,,,,,,,,,,,,,,,,,,,,,,,,,,,,,,,,,,,,,,,,,,,,,,,,,,,,,,,,,,,,,,,,,,,,,,,,,,,,,,,,,,,,,,,,,,,,,,,,,,,,,,,,,,,,,,,,,,,,,,,,,,,,,,,,,,,,,,,,,,,,,,,,,,,,,,,,,,,,,,,,,,,,,,,,,,,,,,,,,,,,,,,,,
7/21/2023,UB40,Reggae,"Men At Work,Smash Mouth",Peacock Theater,"Los Angeles, California","Mike, Dori, Kevin, Andi",,,,Los Angeles, California,,July 21 2023,July,21,2023,Friday,,Men At Work,Smash Mouth,,,,,,,,,,,,,,,,,,,,,,,,,,,,,,,,,,,,,,,,,,,,,,,,,,,,,,,,,,,,,,,,,,,,,,,,,,,,,,,,,,,,,,,,,,,,,,,,,,,,,,,,,,,,,,,,,,,,,,,,,,,,,,,,,,,,,,,,,,,,,,,,,,,,,,,,,,,,,,,,,,,,,,,,,,,,,,,,,,,,,,,,,
7/30/2023,X,Punk,"The English Beat,Save Ferris",Pacific Amphitheatre,"Costa Mesa, California","Mike, Dori",,,,Costa Mesa, California,,July 30 2023,July,30,2023,Sunday,,The English Beat,Save Ferris,,,,,,,,,,,,,,,,,,,,,,,,,,,,,,,,,,,,,,,,,,,,,,,,,,,,,,,,,,,,,,,,,,,,,,,,,,,,,,,,,,,,,,,,,,,,,,,,,,,,,,,,,,,,,,,,,,,,,,,,,,,,,,,,,,,,,,,,,,,,,,,,,,,,,,,,,,,,,,,,,,,,,,,,,,,,,,,,,,,,,,,,,
9/23/2023,Streetlight Manifesto,Ska,Rebuilder,The Wiltern,"Los Angeles, California","Mike, Dori",,,,Los Angeles, California,,September 23 2023,September,23,2023,Saturday,,Rebuilder,,,,,,,,,,,,,,,,,,,,,,,,,,,,,,,,,,,,,,,,,,,,,,,,,,,,,,,,,,,,,,,,,,,,,,,,,,,,,,,,,,,,,,,,,,,,,,,,,,,,,,,,,,,,,,,,,,,,,,,,,,,,,,,,,,,,,,,,,,,,,,,,,,,,,,,,,,,,,,,,,,,,,,,,,,,,,,,,,,,,,,,,,,
11/16/2023,Devo,New Wave,,YouTube Theatre,"Inglewood, California","Mike, Dori",,,,Inglewood, California,,November 16 2023,November,16,2023,Thursday,,,,,,,,,,,,,,,,,,,,,,,,,,,,,,,,,,,,,,,,,,,,,,,,,,,,,,,,,,,,,,,,,,,,,,,,,,,,,,,,,,,,,,,,,,,,,,,,,,,,,,,,,,,,,,,,,,,,,,,,,,,,,,,,,,,,,,,,,,,,,,,,,,,,,,,,,,,,,,,,,,,,,,,,,,,,,,,,,,,,,,,,,,,,
11/22/2023,Kasabian,Alternative,,The Belasco,"Los Angeles, California","Mike, Dori",,,,Los Angeles, California,,November 22 2023,November,22,2023,Wednesday,,,,,,,,,,,,,,,,,,,,,,,,,,,,,,,,,,,,,,,,,,,,,,,,,,,,,,,,,,,,,,,,,,,,,,,,,,,,,,,,,,,,,,,,,,,,,,,,,,,,,,,,,,,,,,,,,,,,,,,,,,,,,,,,,,,,,,,,,,,,,,,,,,,,,,,,,,,,,,,,,,,,,,,,,,,,,,,,,,,,,,,,,,,,
2/27/2024,Brian Setzer,Rockabilly,Yates McKendree,The Wiltern,"Los Angeles, California","Mike, Dori",,,,Los Angeles, California,,February 27 2024,February,27,2024,Tuesday,,Yates McKendree,,,,,,,,,,,,,,,,,,,,,,,,,,,,,,,,,,,,,,,,,,,,,,,,,,,,,,,,,,,,,,,,,,,,,,,,,,,,,,,,,,,,,,,,,,,,,,,,,,,,,,,,,,,,,,,,,,,,,,,,,,,,,,,,,,,,,,,,,,,,,,,,,,,,,,,,,,,,,,,,,,,,,,,,,,,,,,,,,,,,,,,,,,
2/15/2024,Umphrey's McGee,,,9:30 Club,"Washington, District of Columbia",Mike,,,,Washington, District of Columbia,,February 15 2024,February,15,2024,Thursday,,,,,,,,,,,,,,,,,,,,,,,,,,,,,,,,,,,,,,,,,,,,,,,,,,,,,,,,,,,,,,,,,,,,,,,,,,,,,,,,,,,,,,,,,,,,,,,,,,,,,,,,,,,,,,,,,,,,,,,,,,,,,,,,,,,,,,,,,,,,,,,,,,,,,,,,,,,,,,,,,,,,,,,,,,,,,,,,,,,,,,,,,,,,
7/26/2024,English Beat,Ska,"Common Sense,Smoke & Mirrors Sound System",Pacific Amphitheatre,"Costa Mesa, California","Mike, Dori",,,,Costa Mesa, California,,July 26 2024,July,26,2024,Friday,,Common Sense,Smoke & Mirrors Sound System,,,,,,,,,,,,,,,,,,,,,,,,,,,,,,,,,,,,,,,,,,,,,,,,,,,,,,,,,,,,,,,,,,,,,,,,,,,,,,,,,,,,,,,,,,,,,,,,,,,,,,,,,,,,,,,,,,,,,,,,,,,,,,,,,,,,,,,,,,,,,,,,,,,,,,,,,,,,,,,,,,,,,,,,,,,,,,,,,,,,,,,,,
8/20/2024,Howard Jones,New Wave,"ABC,Haircut 100",YouTube Theatre,"Inglewood, California","Mike, Dori",,,,Inglewood, California,,August 20 2024,August,20,2024,Tuesday,,ABC,Haircut 100,,,,,,,,,,,,,,,,,,,,,,,,,,,,,,,,,,,,,,,,,,,,,,,,,,,,,,,,,,,,,,,,,,,,,,,,,,,,,,,,,,,,,,,,,,,,,,,,,,,,,,,,,,,,,,,,,,,,,,,,,,,,,,,,,,,,,,,,,,,,,,,,,,,,,,,,,,,,,,,,,,,,,,,,,,,,,,,,,,,,,,,,,
11/16/2024,Cold War Kids,Alternative,Husbands,The Observatory,"Santa Ana, California","Mike, Dori",,,,Santa Ana, California,,November 16 2024,November,16,2024,Saturday,,Husbands,,,,,,,,,,,,,,,,,,,,,,,,,,,,,,,,,,,,,,,,,,,,,,,,,,,,,,,,,,,,,,,,,,,,,,,,,,,,,,,,,,,,,,,,,,,,,,,,,,,,,,,,,,,,,,,,,,,,,,,,,,,,,,,,,,,,,,,,,,,,,,,,,,,,,,,,,,,,,,,,,,,,,,,,,,,,,,,,,,,,,,,,,,
3/1/2025,Klangphonics,Dance/Electronic,,The Roxy,"Hollywood, California","Mike, Dori",,,,Hollywood, California,,March 1 2025,March,1,2025,Saturday,,,,,,,,,,,,,,,,,,,,,,,,,,,,,,,,,,,,,,,,,,,,,,,,,,,,,,,,,,,,,,,,,,,,,,,,,,,,,,,,,,,,,,,,,,,,,,,,,,,,,,,,,,,,,,,,,,,,,,,,,,,,,,,,,,,,,,,,,,,,,,,,,,,,,,,,,,,,,,,,,,,,,,,,,,,,,,,,,,,,,,,,,,,,
12/5/2024,Social Distortion,Punk,,The Belasco,"Los Angeles, California","Mike, Dori",,,,Los Angeles, California,,December 5 2024,December,5,2024,Thursday,,,,,,,,,,,,,,,,,,,,,,,,,,,,,,,,,,,,,,,,,,,,,,,,,,,,,,,,,,,,,,,,,,,,,,,,,,,,,,,,,,,,,,,,,,,,,,,,,,,,,,,,,,,,,,,,,,,,,,,,,,,,,,,,,,,,,,,,,,,,,,,,,,,,,,,,,,,,,,,,,,,,,,,,,,,,,,,,,,,,,,,,,,,,
3/7/2025,Molchat Doma ,Post Punk,Sextile,Hollywood Palladium,"Hollywood, California","Mike, Alex",,,,Hollywood, California,,March 7 2025,March,7,2025,Friday,,Sextile,,,,,,,,,,,,,,,,,,,,,,,,,,,,,,,,,,,,,,,,,,,,,,,,,,,,,,,,,,,,,,,,,,,,,,,,,,,,,,,,,,,,,,,,,,,,,,,,,,,,,,,,,,,,,,,,,,,,,,,,,,,,,,,,,,,,,,,,,,,,,,,,,,,,,,,,,,,,,,,,,,,,,,,,,,,,,,,,,,,,,,,,,,
8/16/2025,The Black Keys,Indie Rock,Gary Clark Jr,MGM Music Hall at Fenway,"Boston, Massachusetts","Mike, Dori, Patty, Dave",,,,Boston, Massachusetts,,August 16 2025,August,16,2025,Saturday,,Gary Clark Jr,,,,,,,,,,,,,,,,,,,,,,,,,,,,,,,,,,,,,,,,,,,,,,,,,,,,,,,,,,,,,,,,,,,,,,,,,,,,,,,,,,,,,,,,,,,,,,,,,,,,,,,,,,,,,,,,,,,,,,,,,,,,,,,,,,,,,,,,,,,,,,,,,,,,,,,,,,,,,,,,,,,,,,,,,,,,,,,,,,,,,,,,,,
11/20/2025,David Byrne,Alternative,,Dolby Theatre,"Hollywood, California","Mike, Dori",,,,Hollywood, California,,November 20 2025,November,20,2025,Thursday,,,,,,,,,,,,,,,,,,,,,,,,,,,,,,,,,,,,,,,,,,,,,,,,,,,,,,,,,,,,,,,,,,,,,,,,,,,,,,,,,,,,,,,,,,,,,,,,,,,,,,,,,,,,,,,,,,,,,,,,,,,,,,,,,,,,,,,,,,,,,,,,,,,,,,,,,,,,,,,,,,,,,,,,,,,,,,,,,,,,,,,,,,,,
9/16/2026,Thompson Twins,Alternative,Blancmange,Pavilion Theatre,"Glasgow, UK","Mike, Dori",,,,Glasgow, UK,,September 16 2026,September,16,2026,Wednesday,,Blancmange,,,,,,,,,,,,,,,,,,,,,,,,,,,,,,,,,,,,,,,,,,,,,,,,,,,,,,,,,,,,,,,,,,,,,,,,,,,,,,,,,,,,,,,,,,,,,,,,,,,,,,,,,,,,,,,,,,,,,,,,,,,,,,,,,,,,,,,,,,,,,,,,,,,,,,,,,,,,,,,,,,,,,,,,,,,,,,,,,,,,,,,,,,
,,,,,,,,,,#VALUE!,,,,#VALUE!,,,Saturday,,,,,,,,,,,,,,,,,,,,,,,,,,,,,,,,,,,,,,,,,,,,,,,,,,,,,,,,,,,,,,,,,,,,,,,,,,,,,,,,,,,,,,,,,,,,,,,,,,,,,,,,,,,,,,,,,,,,,,,,,,,,,,,,,,,,,,,,,,,,,,,,,,,,,,,,,,,,,,,,,,,,,,,,,,,,,,,,,,,,,,,,,,,,
,,,,,,,,,,#VALUE!,,,,#VALUE!,,,Saturday,,,,,,,,,,,,,,,,,,,,,,,,,,,,,,,,,,,,,,,,,,,,,,,,,,,,,,,,,,,,,,,,,,,,,,,,,,,,,,,,,,,,,,,,,,,,,,,,,,,,,,,,,,,,,,,,,,,,,,,,,,,,,,,,,,,,,,,,,,,,,,,,,,,,,,,,,,,,,,,,,,,,,,,,,,,,,,,,,,,,,,,,,,,,